2026-08-30 03:00:00 [INFO] cache miss for key session:0, fetched from origin
2026-08-30 03:00:01 [INFO] metrics flushed: 1 series
2026-08-30 03:00:02 [INFO] cache hit for key session:2
2026-08-30 03:00:03 [INFO] scheduled job heartbeat tick 3
2026-08-30 03:00:04 [INFO] metrics flushed: 4 series
2026-08-30 03:00:05 [INFO] cache miss for key session:5, fetched from origin
2026-08-30 03:00:06 [INFO] cache miss for key session:6, fetched from origin
2026-08-30 03:00:07 [INFO] cache hit for key session:7
2026-08-30 03:00:08 [INFO] cache hit for key session:8
2026-08-30 03:00:09 [INFO] metrics flushed: 9 series
2026-08-30 03:00:10 [INFO] cache miss for key session:10, fetched from origin
2026-08-30 03:00:11 [INFO] metrics flushed: 11 series
2026-08-30 03:00:12 [INFO] metrics flushed: 12 series
2026-08-30 03:00:13 [INFO] cache hit for key session:13
2026-08-30 03:00:14 [INFO] cache hit for key session:14
2026-08-30 03:00:15 [INFO] cache miss for key session:15, fetched from origin
2026-08-30 03:00:16 [INFO] cache hit for key session:16
2026-08-30 03:00:17 [INFO] cache miss for key session:17, fetched from origin
2026-08-30 03:00:18 [INFO] metrics flushed: 18 series
2026-08-30 03:00:19 [INFO] cache hit for key session:19
2026-08-30 03:00:20 [INFO] scheduled job heartbeat tick 20
2026-08-30 03:00:21 [INFO] scheduled job heartbeat tick 21
2026-08-30 03:00:22 [INFO] cache hit for key session:22
2026-08-30 03:00:23 [INFO] metrics flushed: 23 series
2026-08-30 03:00:24 [INFO] cache hit for key session:24
2026-08-30 03:00:25 [INFO] cache miss for key session:25, fetched from origin
2026-08-30 03:00:26 [INFO] scheduled job heartbeat tick 26
2026-08-30 03:00:27 [INFO] metrics flushed: 27 series
2026-08-30 03:00:28 [INFO] metrics flushed: 28 series
2026-08-30 03:00:29 [INFO] metrics flushed: 29 series
2026-08-30 03:00:30 [INFO] scheduled job heartbeat tick 30
2026-08-30 03:00:31 [INFO] scheduled job heartbeat tick 31
2026-08-30 03:00:32 [INFO] metrics flushed: 32 series
2026-08-30 03:00:33 [INFO] scheduled job heartbeat tick 33
2026-08-30 03:00:34 [INFO] cache miss for key session:34, fetched from origin
2026-08-30 03:00:35 [INFO] scheduled job heartbeat tick 35
2026-08-30 03:00:36 [INFO] scheduled job heartbeat tick 36
2026-08-30 03:00:37 [INFO] metrics flushed: 37 series
2026-08-30 03:00:38 [INFO] cache hit for key session:38
2026-08-30 03:00:39 [INFO] metrics flushed: 39 series
2026-08-30 03:00:40 [INFO] metrics flushed: 40 series
2026-08-30 03:00:41 [INFO] metrics flushed: 41 series
2026-08-30 03:00:42 [INFO] cache hit for key session:42
2026-08-30 03:00:43 [INFO] cache hit for key session:43
2026-08-30 03:00:44 [INFO] cache hit for key session:44
2026-08-30 03:00:45 [INFO] cache hit for key session:45
2026-08-30 03:00:46 [INFO] scheduled job heartbeat tick 46
2026-08-30 03:00:47 [INFO] cache hit for key session:47
2026-08-30 03:00:48 [INFO] cache miss for key session:48, fetched from origin
2026-08-30 03:00:49 [INFO] metrics flushed: 49 series
2026-08-30 03:00:50 [INFO] scheduled job heartbeat tick 50
2026-08-30 03:00:51 [INFO] cache hit for key session:51
2026-08-30 03:00:52 [INFO] cache miss for key session:52, fetched from origin
2026-08-30 03:00:53 [INFO] metrics flushed: 53 series
2026-08-30 03:00:54 [INFO] cache hit for key session:54
2026-08-30 03:00:55 [INFO] cache hit for key session:55
2026-08-30 03:00:56 [INFO] scheduled job heartbeat tick 56
2026-08-30 03:00:57 [INFO] cache miss for key session:57, fetched from origin
2026-08-30 03:00:58 [INFO] scheduled job heartbeat tick 58
2026-08-30 03:00:59 [INFO] metrics flushed: 59 series
2026-08-30 03:01:00 [INFO] cache hit for key session:60
2026-08-30 03:01:01 [INFO] scheduled job heartbeat tick 61
2026-08-30 03:01:02 [INFO] metrics flushed: 62 series
2026-08-30 03:01:03 [INFO] cache hit for key session:63
2026-08-30 03:01:04 [INFO] metrics flushed: 64 series
2026-08-30 03:01:05 [INFO] metrics flushed: 65 series
2026-08-30 03:01:06 [INFO] cache hit for key session:66
2026-08-30 03:01:07 [INFO] cache hit for key session:67
2026-08-30 03:01:08 [INFO] cache hit for key session:68
2026-08-30 03:01:09 [INFO] metrics flushed: 69 series
2026-08-30 03:01:10 [INFO] scheduled job heartbeat tick 70
2026-08-30 03:01:11 [INFO] metrics flushed: 71 series
2026-08-30 03:01:12 [INFO] scheduled job heartbeat tick 72
2026-08-30 03:01:13 [INFO] metrics flushed: 73 series
2026-08-30 03:01:14 [INFO] cache hit for key session:74
2026-08-30 03:01:15 [INFO] cache hit for key session:75
2026-08-30 03:01:16 [INFO] cache miss for key session:76, fetched from origin
2026-08-30 03:01:17 [INFO] cache hit for key session:77
2026-08-30 03:01:18 [INFO] metrics flushed: 78 series
2026-08-30 03:01:19 [INFO] scheduled job heartbeat tick 79
2026-08-30 03:01:20 [INFO] metrics flushed: 80 series
2026-08-30 03:01:21 [INFO] metrics flushed: 81 series
2026-08-30 03:01:22 [INFO] cache miss for key session:82, fetched from origin
2026-08-30 03:01:23 [INFO] metrics flushed: 83 series
2026-08-30 03:01:24 [INFO] scheduled job heartbeat tick 84
2026-08-30 03:01:25 [INFO] scheduled job heartbeat tick 85
2026-08-30 03:01:26 [INFO] metrics flushed: 86 series
2026-08-30 03:01:27 [INFO] scheduled job heartbeat tick 87
2026-08-30 03:01:28 [INFO] metrics flushed: 88 series
2026-08-30 03:01:29 [INFO] scheduled job heartbeat tick 89
2026-08-30 03:01:30 [INFO] scheduled job heartbeat tick 90
2026-08-30 03:01:31 [INFO] scheduled job heartbeat tick 91
2026-08-30 03:01:32 [INFO] metrics flushed: 92 series
2026-08-30 03:01:33 [INFO] metrics flushed: 93 series
2026-08-30 03:01:34 [INFO] metrics flushed: 94 series
2026-08-30 03:01:35 [INFO] metrics flushed: 95 series
2026-08-30 03:01:36 [INFO] cache hit for key session:96
2026-08-30 03:01:37 [INFO] metrics flushed: 97 series
2026-08-30 03:01:38 [INFO] cache hit for key session:98
2026-08-30 03:01:39 [INFO] scheduled job heartbeat tick 99
2026-08-30 03:01:40 [INFO] scheduled job heartbeat tick 100
2026-08-30 03:01:41 [INFO] cache hit for key session:101
2026-08-30 03:01:42 [INFO] cache hit for key session:102
2026-08-30 03:01:43 [INFO] metrics flushed: 103 series
2026-08-30 03:01:44 [INFO] scheduled job heartbeat tick 104
2026-08-30 03:01:45 [INFO] scheduled job heartbeat tick 105
2026-08-30 03:01:46 [INFO] scheduled job heartbeat tick 106
2026-08-30 03:01:47 [INFO] metrics flushed: 107 series
2026-08-30 03:01:48 [INFO] cache hit for key session:108
2026-08-30 03:01:49 [INFO] metrics flushed: 109 series
2026-08-30 03:01:50 [INFO] cache hit for key session:110
2026-08-30 03:01:51 [INFO] metrics flushed: 111 series
2026-08-30 03:01:52 [INFO] metrics flushed: 112 series
2026-08-30 03:01:53 [INFO] metrics flushed: 113 series
2026-08-30 03:01:54 [INFO] metrics flushed: 114 series
2026-08-30 03:01:55 [INFO] scheduled job heartbeat tick 115
2026-08-30 03:01:56 [INFO] cache miss for key session:116, fetched from origin
2026-08-30 03:01:57 [INFO] metrics flushed: 117 series
2026-08-30 03:01:58 [INFO] cache miss for key session:118, fetched from origin
2026-08-30 03:01:59 [INFO] scheduled job heartbeat tick 119
2026-08-30 03:02:00 [INFO] cache miss for key session:120, fetched from origin
2026-08-30 03:02:01 [INFO] scheduled job heartbeat tick 121
2026-08-30 03:02:02 [INFO] scheduled job heartbeat tick 122
2026-08-30 03:02:03 [INFO] cache hit for key session:123
2026-08-30 03:02:04 [INFO] metrics flushed: 124 series
2026-08-30 03:02:05 [INFO] metrics flushed: 125 series
2026-08-30 03:02:06 [INFO] cache miss for key session:126, fetched from origin
2026-08-30 03:02:07 [INFO] scheduled job heartbeat tick 127
2026-08-30 03:02:08 [INFO] metrics flushed: 128 series
2026-08-30 03:02:09 [INFO] scheduled job heartbeat tick 129
2026-08-30 03:02:10 [INFO] scheduled job heartbeat tick 130
2026-08-30 03:02:11 [INFO] cache miss for key session:131, fetched from origin
2026-08-30 03:02:12 [INFO] scheduled job heartbeat tick 132
2026-08-30 03:02:13 [INFO] cache miss for key session:133, fetched from origin
2026-08-30 03:02:14 [INFO] scheduled job heartbeat tick 134
2026-08-30 03:02:15 [INFO] metrics flushed: 135 series
2026-08-30 03:02:16 [INFO] metrics flushed: 136 series
2026-08-30 03:02:17 [INFO] scheduled job heartbeat tick 137
2026-08-30 03:02:18 [INFO] metrics flushed: 138 series
2026-08-30 03:02:19 [INFO] metrics flushed: 139 series
2026-08-30 03:02:20 [INFO] cache miss for key session:140, fetched from origin
2026-08-30 03:02:21 [INFO] metrics flushed: 141 series
2026-08-30 03:02:22 [INFO] metrics flushed: 142 series
2026-08-30 03:02:23 [INFO] metrics flushed: 143 series
2026-08-30 03:02:24 [INFO] metrics flushed: 144 series
2026-08-30 03:02:25 [INFO] scheduled job heartbeat tick 145
2026-08-30 03:02:26 [INFO] scheduled job heartbeat tick 146
2026-08-30 03:02:27 [INFO] cache miss for key session:147, fetched from origin
2026-08-30 03:02:28 [INFO] scheduled job heartbeat tick 148
2026-08-30 03:02:29 [INFO] metrics flushed: 149 series
2026-08-30 03:02:30 [INFO] cache miss for key session:150, fetched from origin
2026-08-30 03:02:31 [INFO] cache hit for key session:151
2026-08-30 03:02:32 [INFO] metrics flushed: 152 series
2026-08-30 03:02:33 [INFO] metrics flushed: 153 series
2026-08-30 03:02:34 [INFO] metrics flushed: 154 series
2026-08-30 03:02:35 [INFO] scheduled job heartbeat tick 155
2026-08-30 03:02:36 [INFO] scheduled job heartbeat tick 156
2026-08-30 03:02:37 [INFO] cache miss for key session:157, fetched from origin
2026-08-30 03:02:38 [INFO] metrics flushed: 158 series
2026-08-30 03:02:39 [INFO] cache miss for key session:159, fetched from origin
2026-08-30 03:02:40 [INFO] cache hit for key session:160
2026-08-30 03:02:41 [INFO] metrics flushed: 161 series
2026-08-30 03:02:42 [INFO] cache hit for key session:162
2026-08-30 03:02:43 [INFO] cache hit for key session:163
2026-08-30 03:02:44 [INFO] cache miss for key session:164, fetched from origin
2026-08-30 03:02:45 [INFO] cache hit for key session:165
2026-08-30 03:02:46 [INFO] cache miss for key session:166, fetched from origin
2026-08-30 03:02:47 [INFO] cache miss for key session:167, fetched from origin
2026-08-30 03:02:48 [INFO] metrics flushed: 168 series
2026-08-30 03:02:49 [INFO] cache miss for key session:169, fetched from origin
2026-08-30 03:02:50 [INFO] scheduled job heartbeat tick 170
2026-08-30 03:02:51 [INFO] cache miss for key session:171, fetched from origin
2026-08-30 03:02:52 [INFO] cache miss for key session:172, fetched from origin
2026-08-30 03:02:53 [INFO] cache miss for key session:173, fetched from origin
2026-08-30 03:02:54 [INFO] cache miss for key session:174, fetched from origin
2026-08-30 03:02:55 [INFO] scheduled job heartbeat tick 175
2026-08-30 03:02:56 [INFO] metrics flushed: 176 series
2026-08-30 03:02:57 [INFO] cache hit for key session:177
2026-08-30 03:02:58 [INFO] cache hit for key session:178
2026-08-30 03:02:59 [INFO] cache miss for key session:179, fetched from origin
2026-08-30 03:03:00 [INFO] cache miss for key session:180, fetched from origin
2026-08-30 03:03:01 [INFO] cache miss for key session:181, fetched from origin
2026-08-30 03:03:02 [INFO] scheduled job heartbeat tick 182
2026-08-30 03:03:03 [INFO] cache hit for key session:183
2026-08-30 03:03:04 [INFO] scheduled job heartbeat tick 184
2026-08-30 03:03:05 [INFO] cache hit for key session:185
2026-08-30 03:03:06 [INFO] cache miss for key session:186, fetched from origin
2026-08-30 03:03:07 [INFO] cache miss for key session:187, fetched from origin
2026-08-30 03:03:08 [INFO] scheduled job heartbeat tick 188
2026-08-30 03:03:09 [INFO] cache hit for key session:189
2026-08-30 03:03:10 [INFO] cache miss for key session:190, fetched from origin
2026-08-30 03:03:11 [INFO] scheduled job heartbeat tick 191
2026-08-30 03:03:12 [INFO] cache hit for key session:192
2026-08-30 03:03:13 [INFO] cache hit for key session:193
2026-08-30 03:03:14 [INFO] cache miss for key session:194, fetched from origin
2026-08-30 03:03:15 [INFO] metrics flushed: 195 series
2026-08-30 03:03:16 [INFO] metrics flushed: 196 series
2026-08-30 03:03:17 [INFO] cache miss for key session:197, fetched from origin
2026-08-30 03:03:18 [INFO] cache hit for key session:198
2026-08-30 03:03:19 [INFO] cache miss for key session:199, fetched from origin
2026-08-30 03:03:20 [INFO] metrics flushed: 200 series
2026-08-30 03:03:21 [INFO] scheduled job heartbeat tick 201
2026-08-30 03:03:22 [INFO] scheduled job heartbeat tick 202
2026-08-30 03:03:23 [INFO] cache hit for key session:203
2026-08-30 03:03:24 [INFO] scheduled job heartbeat tick 204
2026-08-30 03:03:25 [INFO] metrics flushed: 205 series
2026-08-30 03:03:26 [INFO] cache miss for key session:206, fetched from origin
2026-08-30 03:03:27 [INFO] cache hit for key session:207
2026-08-30 03:03:28 [INFO] cache miss for key session:208, fetched from origin
2026-08-30 03:03:29 [INFO] scheduled job heartbeat tick 209
2026-08-30 03:03:30 [INFO] cache miss for key session:210, fetched from origin
2026-08-30 03:03:31 [INFO] metrics flushed: 211 series
2026-08-30 03:03:32 [INFO] cache miss for key session:212, fetched from origin
2026-08-30 03:03:33 [INFO] cache miss for key session:213, fetched from origin
2026-08-30 03:03:34 [INFO] cache miss for key session:214, fetched from origin
2026-08-30 03:03:35 [INFO] cache miss for key session:215, fetched from origin
2026-08-30 03:03:36 [INFO] scheduled job heartbeat tick 216
2026-08-30 03:03:37 [INFO] metrics flushed: 217 series
2026-08-30 03:03:38 [INFO] cache hit for key session:218
2026-08-30 03:03:39 [INFO] scheduled job heartbeat tick 219
2026-08-30 03:03:40 [INFO] metrics flushed: 220 series
2026-08-30 03:03:41 [INFO] cache hit for key session:221
2026-08-30 03:03:42 [INFO] scheduled job heartbeat tick 222
2026-08-30 03:03:43 [INFO] scheduled job heartbeat tick 223
2026-08-30 03:03:44 [INFO] cache miss for key session:224, fetched from origin
2026-08-30 03:03:45 [INFO] metrics flushed: 225 series
2026-08-30 03:03:46 [INFO] scheduled job heartbeat tick 226
2026-08-30 03:03:47 [INFO] cache miss for key session:227, fetched from origin
2026-08-30 03:03:48 [INFO] metrics flushed: 228 series
2026-08-30 03:03:49 [INFO] scheduled job heartbeat tick 229
2026-08-30 03:03:50 [INFO] cache miss for key session:230, fetched from origin
2026-08-30 03:03:51 [INFO] cache hit for key session:231
2026-08-30 03:03:52 [INFO] scheduled job heartbeat tick 232
2026-08-30 03:03:53 [INFO] cache hit for key session:233
2026-08-30 03:03:54 [INFO] metrics flushed: 234 series
2026-08-30 03:03:55 [INFO] cache hit for key session:235
2026-08-30 03:03:56 [INFO] metrics flushed: 236 series
2026-08-30 03:03:57 [INFO] metrics flushed: 237 series
2026-08-30 03:03:58 [INFO] cache hit for key session:238
2026-08-30 03:03:59 [INFO] cache hit for key session:239
2026-08-30 03:04:00 [INFO] cache miss for key session:240, fetched from origin
2026-08-30 03:04:01 [INFO] metrics flushed: 241 series
2026-08-30 03:04:02 [INFO] scheduled job heartbeat tick 242
2026-08-30 03:04:03 [INFO] cache miss for key session:243, fetched from origin
2026-08-30 03:04:04 [INFO] cache miss for key session:244, fetched from origin
2026-08-30 03:04:05 [INFO] cache miss for key session:245, fetched from origin
2026-08-30 03:04:06 [INFO] cache hit for key session:246
2026-08-30 03:04:07 [INFO] cache miss for key session:247, fetched from origin
2026-08-30 03:04:08 [INFO] metrics flushed: 248 series
2026-08-30 03:04:09 [INFO] cache hit for key session:249
2026-08-30 03:04:10 [INFO] metrics flushed: 250 series
2026-08-30 03:04:11 [INFO] cache hit for key session:251
2026-08-30 03:04:12 [INFO] scheduled job heartbeat tick 252
2026-08-30 03:04:13 [INFO] scheduled job heartbeat tick 253
2026-08-30 03:04:14 [INFO] cache hit for key session:254
2026-08-30 03:04:15 [INFO] cache miss for key session:255, fetched from origin
2026-08-30 03:04:16 [INFO] cache miss for key session:256, fetched from origin
2026-08-30 03:04:17 [INFO] cache miss for key session:257, fetched from origin
2026-08-30 03:04:18 [INFO] scheduled job heartbeat tick 258
2026-08-30 03:04:19 [INFO] metrics flushed: 259 series
2026-08-30 03:04:20 [INFO] cache hit for key session:260
2026-08-30 03:04:21 [INFO] cache hit for key session:261
2026-08-30 03:04:22 [INFO] cache miss for key session:262, fetched from origin
2026-08-30 03:04:23 [INFO] scheduled job heartbeat tick 263
2026-08-30 03:04:24 [INFO] cache miss for key session:264, fetched from origin
2026-08-30 03:04:25 [INFO] cache hit for key session:265
2026-08-30 03:04:26 [INFO] cache hit for key session:266
2026-08-30 03:04:27 [INFO] cache miss for key session:267, fetched from origin
2026-08-30 03:04:28 [INFO] scheduled job heartbeat tick 268
2026-08-30 03:04:29 [INFO] scheduled job heartbeat tick 269
2026-08-30 03:04:30 [INFO] scheduled job heartbeat tick 270
2026-08-30 03:04:31 [INFO] metrics flushed: 271 series
2026-08-30 03:04:32 [INFO] cache hit for key session:272
2026-08-30 03:04:33 [INFO] cache hit for key session:273
2026-08-30 03:04:34 [INFO] cache hit for key session:274
2026-08-30 03:04:35 [INFO] metrics flushed: 275 series
2026-08-30 03:04:36 [INFO] cache hit for key session:276
2026-08-30 03:04:37 [INFO] cache hit for key session:277
2026-08-30 03:04:38 [INFO] metrics flushed: 278 series
2026-08-30 03:04:39 [INFO] metrics flushed: 279 series
2026-08-30 03:04:40 [INFO] metrics flushed: 280 series
2026-08-30 03:04:41 [INFO] cache miss for key session:281, fetched from origin
2026-08-30 03:04:42 [INFO] cache miss for key session:282, fetched from origin
2026-08-30 03:04:43 [INFO] scheduled job heartbeat tick 283
2026-08-30 03:04:44 [INFO] scheduled job heartbeat tick 284
2026-08-30 03:04:45 [INFO] metrics flushed: 285 series
2026-08-30 03:04:46 [INFO] scheduled job heartbeat tick 286
2026-08-30 03:04:47 [INFO] cache miss for key session:287, fetched from origin
2026-08-30 03:04:48 [INFO] cache hit for key session:288
2026-08-30 03:04:49 [INFO] cache hit for key session:289
2026-08-30 03:04:50 [INFO] metrics flushed: 290 series
2026-08-30 03:04:51 [INFO] metrics flushed: 291 series
2026-08-30 03:04:52 [INFO] cache hit for key session:292
2026-08-30 03:04:53 [INFO] cache hit for key session:293
2026-08-30 03:04:54 [INFO] cache miss for key session:294, fetched from origin
2026-08-30 03:04:55 [INFO] scheduled job heartbeat tick 295
2026-08-30 03:04:56 [INFO] metrics flushed: 296 series
2026-08-30 03:04:57 [INFO] scheduled job heartbeat tick 297
2026-08-30 03:04:58 [INFO] cache hit for key session:298
2026-08-30 03:04:59 [INFO] cache hit for key session:299
2026-08-30 03:05:00 [INFO] scheduled job heartbeat tick 300
2026-08-30 03:05:01 [INFO] cache miss for key session:301, fetched from origin
2026-08-30 03:05:02 [INFO] scheduled job heartbeat tick 302
2026-08-30 03:05:03 [INFO] metrics flushed: 303 series
2026-08-30 03:05:04 [INFO] scheduled job heartbeat tick 304
2026-08-30 03:05:05 [INFO] cache hit for key session:305
2026-08-30 03:05:06 [INFO] cache hit for key session:306
2026-08-30 03:05:07 [INFO] cache hit for key session:307
2026-08-30 03:05:08 [INFO] cache miss for key session:308, fetched from origin
2026-08-30 03:05:09 [INFO] cache miss for key session:309, fetched from origin
2026-08-30 03:05:10 [INFO] cache miss for key session:310, fetched from origin
2026-08-30 03:05:11 [INFO] cache miss for key session:311, fetched from origin
2026-08-30 03:05:12 [INFO] cache hit for key session:312
2026-08-30 03:05:13 [INFO] cache miss for key session:313, fetched from origin
2026-08-30 03:05:14 [INFO] metrics flushed: 314 series
2026-08-30 03:05:15 [INFO] cache hit for key session:315
2026-08-30 03:05:16 [INFO] cache miss for key session:316, fetched from origin
2026-08-30 03:05:17 [INFO] scheduled job heartbeat tick 317
2026-08-30 03:05:18 [INFO] cache miss for key session:318, fetched from origin
2026-08-30 03:05:19 [INFO] cache hit for key session:319
2026-08-30 03:05:20 [INFO] metrics flushed: 320 series
2026-08-30 03:05:21 [INFO] metrics flushed: 321 series
2026-08-30 03:05:22 [INFO] metrics flushed: 322 series
2026-08-30 03:05:23 [INFO] scheduled job heartbeat tick 323
2026-08-30 03:05:24 [INFO] cache hit for key session:324
2026-08-30 03:05:25 [INFO] cache miss for key session:325, fetched from origin
2026-08-30 03:05:26 [INFO] metrics flushed: 326 series
2026-08-30 03:05:27 [INFO] cache hit for key session:327
2026-08-30 03:05:28 [INFO] cache hit for key session:328
2026-08-30 03:05:29 [INFO] cache miss for key session:329, fetched from origin
2026-08-30 03:05:30 [INFO] scheduled job heartbeat tick 330
2026-08-30 03:05:31 [INFO] metrics flushed: 331 series
2026-08-30 03:05:32 [INFO] cache miss for key session:332, fetched from origin
2026-08-30 03:05:33 [INFO] metrics flushed: 333 series
2026-08-30 03:05:34 [INFO] cache hit for key session:334
2026-08-30 03:05:35 [INFO] metrics flushed: 335 series
2026-08-30 03:05:36 [INFO] metrics flushed: 336 series
2026-08-30 03:05:37 [INFO] cache miss for key session:337, fetched from origin
2026-08-30 03:05:38 [INFO] metrics flushed: 338 series
2026-08-30 03:05:39 [INFO] metrics flushed: 339 series
2026-08-30 03:05:40 [INFO] metrics flushed: 340 series
2026-08-30 03:05:41 [INFO] cache hit for key session:341
2026-08-30 03:05:42 [INFO] cache hit for key session:342
2026-08-30 03:05:43 [INFO] metrics flushed: 343 series
2026-08-30 03:05:44 [INFO] scheduled job heartbeat tick 344
2026-08-30 03:05:45 [INFO] cache hit for key session:345
2026-08-30 03:05:46 [INFO] metrics flushed: 346 series
2026-08-30 03:05:47 [INFO] cache hit for key session:347
2026-08-30 03:05:48 [INFO] scheduled job heartbeat tick 348
2026-08-30 03:05:49 [INFO] cache miss for key session:349, fetched from origin
2026-08-30 03:05:50 [INFO] cache miss for key session:350, fetched from origin
2026-08-30 03:05:51 [INFO] cache hit for key session:351
2026-08-30 03:05:52 [INFO] cache miss for key session:352, fetched from origin
2026-08-30 03:05:53 [INFO] cache miss for key session:353, fetched from origin
2026-08-30 03:05:54 [INFO] cache hit for key session:354
2026-08-30 03:05:55 [INFO] cache hit for key session:355
2026-08-30 03:05:56 [INFO] cache hit for key session:356
2026-08-30 03:05:57 [INFO] scheduled job heartbeat tick 357
2026-08-30 03:05:58 [INFO] cache hit for key session:358
2026-08-30 03:05:59 [INFO] metrics flushed: 359 series
2026-08-30 03:06:00 [INFO] metrics flushed: 360 series
2026-08-30 03:06:01 [INFO] cache hit for key session:361
2026-08-30 03:06:02 [INFO] cache miss for key session:362, fetched from origin
2026-08-30 03:06:03 [INFO] scheduled job heartbeat tick 363
2026-08-30 03:06:04 [INFO] metrics flushed: 364 series
2026-08-30 03:06:05 [INFO] cache miss for key session:365, fetched from origin
2026-08-30 03:06:06 [INFO] metrics flushed: 366 series
2026-08-30 03:06:07 [INFO] cache miss for key session:367, fetched from origin
2026-08-30 03:06:08 [INFO] cache miss for key session:368, fetched from origin
2026-08-30 03:06:09 [INFO] cache hit for key session:369
2026-08-30 03:06:10 [INFO] metrics flushed: 370 series
2026-08-30 03:06:11 [INFO] metrics flushed: 371 series
2026-08-30 03:06:12 [INFO] cache miss for key session:372, fetched from origin
2026-08-30 03:06:13 [INFO] cache hit for key session:373
2026-08-30 03:06:14 [INFO] cache miss for key session:374, fetched from origin
2026-08-30 03:06:15 [INFO] scheduled job heartbeat tick 375
2026-08-30 03:06:16 [INFO] cache miss for key session:376, fetched from origin
2026-08-30 03:06:17 [INFO] cache hit for key session:377
2026-08-30 03:06:18 [INFO] scheduled job heartbeat tick 378
2026-08-30 03:06:19 [INFO] cache hit for key session:379
2026-08-30 03:06:20 [INFO] metrics flushed: 380 series
2026-08-30 03:06:21 [INFO] metrics flushed: 381 series
2026-08-30 03:06:22 [INFO] cache miss for key session:382, fetched from origin
2026-08-30 03:06:23 [INFO] cache hit for key session:383
2026-08-30 03:06:24 [INFO] cache miss for key session:384, fetched from origin
2026-08-30 03:06:25 [INFO] cache miss for key session:385, fetched from origin
2026-08-30 03:06:26 [INFO] cache hit for key session:386
2026-08-30 03:06:27 [INFO] metrics flushed: 387 series
2026-08-30 03:06:28 [INFO] cache hit for key session:388
2026-08-30 03:06:29 [INFO] metrics flushed: 389 series
2026-08-30 03:06:30 [INFO] scheduled job heartbeat tick 390
2026-08-30 03:06:31 [INFO] cache hit for key session:391
2026-08-30 03:06:32 [INFO] metrics flushed: 392 series
2026-08-30 03:06:33 [INFO] cache hit for key session:393
2026-08-30 03:06:34 [INFO] metrics flushed: 394 series
2026-08-30 03:06:35 [INFO] metrics flushed: 395 series
2026-08-30 03:06:36 [INFO] cache miss for key session:396, fetched from origin
2026-08-30 03:06:37 [INFO] scheduled job heartbeat tick 397
2026-08-30 03:06:38 [INFO] scheduled job heartbeat tick 398
2026-08-30 03:06:39 [INFO] scheduled job heartbeat tick 399
2026-08-30 03:06:40 [INFO] cache hit for key session:400
2026-08-30 03:06:41 [INFO] cache hit for key session:401
2026-08-30 03:06:42 [INFO] cache miss for key session:402, fetched from origin
2026-08-30 03:06:43 [INFO] cache hit for key session:403
2026-08-30 03:06:44 [INFO] scheduled job heartbeat tick 404
2026-08-30 03:06:45 [INFO] cache miss for key session:405, fetched from origin
2026-08-30 03:06:46 [INFO] scheduled job heartbeat tick 406
2026-08-30 03:06:47 [INFO] cache hit for key session:407
2026-08-30 03:06:48 [INFO] cache hit for key session:408
2026-08-30 03:06:49 [INFO] cache hit for key session:409
2026-08-30 03:06:50 [INFO] metrics flushed: 410 series
2026-08-30 03:06:51 [INFO] scheduled job heartbeat tick 411
2026-08-30 03:06:52 [INFO] scheduled job heartbeat tick 412
2026-08-30 03:06:53 [INFO] cache hit for key session:413
2026-08-30 03:06:54 [INFO] scheduled job heartbeat tick 414
2026-08-30 03:06:55 [INFO] cache hit for key session:415
2026-08-30 03:06:56 [INFO] cache miss for key session:416, fetched from origin
2026-08-30 03:06:57 [INFO] cache hit for key session:417
2026-08-30 03:06:58 [INFO] scheduled job heartbeat tick 418
2026-08-30 03:06:59 [INFO] cache hit for key session:419
2026-08-30 03:07:00 [INFO] scheduled job heartbeat tick 420
2026-08-30 03:07:01 [INFO] cache hit for key session:421
2026-08-30 03:07:02 [INFO] cache miss for key session:422, fetched from origin
2026-08-30 03:07:03 [INFO] metrics flushed: 423 series
2026-08-30 03:07:04 [INFO] metrics flushed: 424 series
2026-08-30 03:07:05 [INFO] scheduled job heartbeat tick 425
2026-08-30 03:07:06 [INFO] cache hit for key session:426
2026-08-30 03:07:07 [INFO] cache hit for key session:427
2026-08-30 03:07:08 [INFO] metrics flushed: 428 series
2026-08-30 03:07:09 [INFO] scheduled job heartbeat tick 429
2026-08-30 03:07:10 [INFO] cache miss for key session:430, fetched from origin
2026-08-30 03:07:11 [INFO] cache miss for key session:431, fetched from origin
2026-08-30 03:07:12 [INFO] cache hit for key session:432
2026-08-30 03:07:13 [INFO] cache miss for key session:433, fetched from origin
2026-08-30 03:07:14 [INFO] scheduled job heartbeat tick 434
2026-08-30 03:07:15 [INFO] metrics flushed: 435 series
2026-08-30 03:07:16 [INFO] scheduled job heartbeat tick 436
2026-08-30 03:07:17 [INFO] cache hit for key session:437
2026-08-30 03:07:18 [INFO] cache miss for key session:438, fetched from origin
2026-08-30 03:07:19 [INFO] cache hit for key session:439
2026-08-30 03:07:20 [INFO] cache hit for key session:440
2026-08-30 03:07:21 [INFO] cache miss for key session:441, fetched from origin
2026-08-30 03:07:22 [INFO] metrics flushed: 442 series
2026-08-30 03:07:23 [INFO] cache miss for key session:443, fetched from origin
2026-08-30 03:07:24 [INFO] cache hit for key session:444
2026-08-30 03:07:25 [INFO] cache hit for key session:445
2026-08-30 03:07:26 [INFO] cache miss for key session:446, fetched from origin
2026-08-30 03:07:27 [INFO] cache hit for key session:447
2026-08-30 03:07:28 [INFO] cache miss for key session:448, fetched from origin
2026-08-30 03:07:29 [INFO] cache miss for key session:449, fetched from origin
2026-08-30 03:07:30 [INFO] metrics flushed: 450 series
2026-08-30 03:07:31 [INFO] scheduled job heartbeat tick 451
2026-08-30 03:07:32 [INFO] cache miss for key session:452, fetched from origin
2026-08-30 03:07:33 [INFO] metrics flushed: 453 series
2026-08-30 03:07:34 [INFO] scheduled job heartbeat tick 454
2026-08-30 03:07:35 [INFO] cache hit for key session:455
2026-08-30 03:07:36 [INFO] cache hit for key session:456
2026-08-30 03:07:37 [INFO] scheduled job heartbeat tick 457
2026-08-30 03:07:38 [INFO] cache hit for key session:458
2026-08-30 03:07:39 [INFO] cache hit for key session:459
2026-08-30 03:07:40 [INFO] cache hit for key session:460
2026-08-30 03:07:41 [INFO] scheduled job heartbeat tick 461
2026-08-30 03:07:42 [INFO] cache hit for key session:462
2026-08-30 03:07:43 [INFO] metrics flushed: 463 series
2026-08-30 03:07:44 [INFO] cache miss for key session:464, fetched from origin
2026-08-30 03:07:45 [INFO] cache miss for key session:465, fetched from origin
2026-08-30 03:07:46 [INFO] cache hit for key session:466
2026-08-30 03:07:47 [INFO] metrics flushed: 467 series
2026-08-30 03:07:48 [INFO] metrics flushed: 468 series
2026-08-30 03:07:49 [INFO] cache miss for key session:469, fetched from origin
2026-08-30 03:07:50 [INFO] metrics flushed: 470 series
2026-08-30 03:07:51 [INFO] cache miss for key session:471, fetched from origin
2026-08-30 03:07:52 [INFO] metrics flushed: 472 series
2026-08-30 03:07:53 [INFO] cache hit for key session:473
2026-08-30 03:07:54 [INFO] cache miss for key session:474, fetched from origin
2026-08-30 03:07:55 [INFO] scheduled job heartbeat tick 475
2026-08-30 03:07:56 [INFO] metrics flushed: 476 series
2026-08-30 03:07:57 [INFO] scheduled job heartbeat tick 477
2026-08-30 03:07:58 [INFO] metrics flushed: 478 series
2026-08-30 03:07:59 [INFO] scheduled job heartbeat tick 479
2026-08-30 03:08:00 [INFO] cache hit for key session:480
2026-08-30 03:08:01 [INFO] metrics flushed: 481 series
2026-08-30 03:08:02 [INFO] cache miss for key session:482, fetched from origin
2026-08-30 03:08:03 [INFO] cache miss for key session:483, fetched from origin
2026-08-30 03:08:04 [INFO] scheduled job heartbeat tick 484
2026-08-30 03:08:05 [INFO] cache miss for key session:485, fetched from origin
2026-08-30 03:08:06 [INFO] scheduled job heartbeat tick 486
2026-08-30 03:08:07 [INFO] scheduled job heartbeat tick 487
2026-08-30 03:08:08 [INFO] metrics flushed: 488 series
2026-08-30 03:08:09 [INFO] cache miss for key session:489, fetched from origin
2026-08-30 03:08:10 [INFO] scheduled job heartbeat tick 490
2026-08-30 03:08:11 [INFO] scheduled job heartbeat tick 491
2026-08-30 03:08:12 [INFO] scheduled job heartbeat tick 492
2026-08-30 03:08:13 [INFO] cache hit for key session:493
2026-08-30 03:08:14 [INFO] cache hit for key session:494
2026-08-30 03:08:15 [INFO] cache miss for key session:495, fetched from origin
2026-08-30 03:08:16 [INFO] metrics flushed: 496 series
2026-08-30 03:08:17 [INFO] metrics flushed: 497 series
2026-08-30 03:08:18 [INFO] cache hit for key session:498
2026-08-30 03:08:19 [INFO] cache hit for key session:499
2026-08-30 03:08:20 [INFO] metrics flushed: 500 series
2026-08-30 03:08:21 [INFO] metrics flushed: 501 series
2026-08-30 03:08:22 [INFO] cache hit for key session:502
2026-08-30 03:08:23 [INFO] cache miss for key session:503, fetched from origin
2026-08-30 03:08:24 [INFO] scheduled job heartbeat tick 504
2026-08-30 03:08:25 [INFO] cache miss for key session:505, fetched from origin
2026-08-30 03:08:26 [INFO] metrics flushed: 506 series
2026-08-30 03:08:27 [INFO] scheduled job heartbeat tick 507
2026-08-30 03:08:28 [INFO] cache miss for key session:508, fetched from origin
2026-08-30 03:08:29 [INFO] metrics flushed: 509 series
2026-08-30 03:08:30 [INFO] cache hit for key session:510
2026-08-30 03:08:31 [INFO] cache miss for key session:511, fetched from origin
2026-08-30 03:08:32 [INFO] scheduled job heartbeat tick 512
2026-08-30 03:08:33 [INFO] cache hit for key session:513
2026-08-30 03:08:34 [INFO] cache miss for key session:514, fetched from origin
2026-08-30 03:08:35 [INFO] metrics flushed: 515 series
2026-08-30 03:08:36 [INFO] cache miss for key session:516, fetched from origin
2026-08-30 03:08:37 [INFO] cache miss for key session:517, fetched from origin
2026-08-30 03:08:38 [INFO] cache miss for key session:518, fetched from origin
2026-08-30 03:08:39 [INFO] metrics flushed: 519 series
2026-08-30 03:08:40 [INFO] scheduled job heartbeat tick 520
2026-08-30 03:08:41 [INFO] scheduled job heartbeat tick 521
2026-08-30 03:08:42 [INFO] scheduled job heartbeat tick 522
2026-08-30 03:08:43 [INFO] scheduled job heartbeat tick 523
2026-08-30 03:08:44 [INFO] cache miss for key session:524, fetched from origin
2026-08-30 03:08:45 [INFO] cache miss for key session:525, fetched from origin
2026-08-30 03:08:46 [INFO] scheduled job heartbeat tick 526
2026-08-30 03:08:47 [INFO] scheduled job heartbeat tick 527
2026-08-30 03:08:48 [INFO] scheduled job heartbeat tick 528
2026-08-30 03:08:49 [INFO] metrics flushed: 529 series
2026-08-30 03:08:50 [INFO] scheduled job heartbeat tick 530
2026-08-30 03:08:51 [INFO] scheduled job heartbeat tick 531
2026-08-30 03:08:52 [INFO] scheduled job heartbeat tick 532
2026-08-30 03:08:53 [INFO] metrics flushed: 533 series
2026-08-30 03:08:54 [INFO] cache miss for key session:534, fetched from origin
2026-08-30 03:08:55 [INFO] cache hit for key session:535
2026-08-30 03:08:56 [INFO] scheduled job heartbeat tick 536
2026-08-30 03:08:57 [INFO] cache miss for key session:537, fetched from origin
2026-08-30 03:08:58 [INFO] cache miss for key session:538, fetched from origin
2026-08-30 03:08:59 [INFO] metrics flushed: 539 series
2026-08-30 03:09:00 [INFO] cache hit for key session:540
2026-08-30 03:09:01 [INFO] cache hit for key session:541
2026-08-30 03:09:02 [INFO] cache hit for key session:542
2026-08-30 03:09:03 [INFO] cache hit for key session:543
2026-08-30 03:09:04 [INFO] scheduled job heartbeat tick 544
2026-08-30 03:09:05 [INFO] metrics flushed: 545 series
2026-08-30 03:09:06 [INFO] cache hit for key session:546
2026-08-30 03:09:07 [INFO] scheduled job heartbeat tick 547
2026-08-30 03:09:08 [INFO] cache miss for key session:548, fetched from origin
2026-08-30 03:09:09 [INFO] cache miss for key session:549, fetched from origin
2026-08-30 03:09:10 [INFO] scheduled job heartbeat tick 550
2026-08-30 03:09:11 [INFO] cache hit for key session:551
2026-08-30 03:09:12 [INFO] cache hit for key session:552
2026-08-30 03:09:13 [INFO] cache miss for key session:553, fetched from origin
2026-08-30 03:09:14 [INFO] cache hit for key session:554
2026-08-30 03:09:15 [INFO] metrics flushed: 555 series
2026-08-30 03:09:16 [INFO] cache hit for key session:556
2026-08-30 03:09:17 [INFO] scheduled job heartbeat tick 557
2026-08-30 03:09:18 [INFO] cache hit for key session:558
2026-08-30 03:09:19 [INFO] scheduled job heartbeat tick 559
2026-08-30 03:09:20 [INFO] cache miss for key session:560, fetched from origin
2026-08-30 03:09:21 [INFO] cache miss for key session:561, fetched from origin
2026-08-30 03:09:22 [INFO] cache hit for key session:562
2026-08-30 03:09:23 [INFO] cache hit for key session:563
2026-08-30 03:09:24 [INFO] metrics flushed: 564 series
2026-08-30 03:09:25 [INFO] cache hit for key session:565
2026-08-30 03:09:26 [INFO] scheduled job heartbeat tick 566
2026-08-30 03:09:27 [INFO] cache miss for key session:567, fetched from origin
2026-08-30 03:09:28 [INFO] metrics flushed: 568 series
2026-08-30 03:09:29 [INFO] cache hit for key session:569
2026-08-30 03:09:30 [INFO] cache hit for key session:570
2026-08-30 03:09:31 [INFO] metrics flushed: 571 series
2026-08-30 03:09:32 [INFO] cache hit for key session:572
2026-08-30 03:09:33 [INFO] cache hit for key session:573
2026-08-30 03:09:34 [INFO] scheduled job heartbeat tick 574
2026-08-30 03:09:35 [INFO] scheduled job heartbeat tick 575
2026-08-30 03:09:36 [INFO] metrics flushed: 576 series
2026-08-30 03:09:37 [INFO] metrics flushed: 577 series
2026-08-30 03:09:38 [INFO] scheduled job heartbeat tick 578
2026-08-30 03:09:39 [INFO] metrics flushed: 579 series
2026-08-30 03:09:40 [INFO] cache miss for key session:580, fetched from origin
2026-08-30 03:09:41 [INFO] cache hit for key session:581
2026-08-30 03:09:42 [INFO] scheduled job heartbeat tick 582
2026-08-30 03:09:43 [INFO] metrics flushed: 583 series
2026-08-30 03:09:44 [INFO] cache miss for key session:584, fetched from origin
2026-08-30 03:09:45 [INFO] cache miss for key session:585, fetched from origin
2026-08-30 03:09:46 [INFO] cache miss for key session:586, fetched from origin
2026-08-30 03:09:47 [INFO] metrics flushed: 587 series
2026-08-30 03:09:48 [INFO] cache miss for key session:588, fetched from origin
2026-08-30 03:09:49 [INFO] cache miss for key session:589, fetched from origin
2026-08-30 03:09:50 [INFO] cache hit for key session:590
2026-08-30 03:09:51 [INFO] cache hit for key session:591
2026-08-30 03:09:52 [INFO] cache miss for key session:592, fetched from origin
2026-08-30 03:09:53 [INFO] cache miss for key session:593, fetched from origin
2026-08-30 03:09:54 [INFO] cache miss for key session:594, fetched from origin
2026-08-30 03:09:55 [INFO] cache hit for key session:595
2026-08-30 03:09:56 [INFO] metrics flushed: 596 series
2026-08-30 03:09:57 [INFO] scheduled job heartbeat tick 597
2026-08-30 03:09:58 [INFO] cache hit for key session:598
2026-08-30 03:09:59 [INFO] cache hit for key session:599
2026-08-30 03:10:00 [INFO] metrics flushed: 600 series
2026-08-30 03:10:01 [INFO] scheduled job heartbeat tick 601
2026-08-30 03:10:02 [INFO] cache hit for key session:602
2026-08-30 03:10:03 [INFO] cache miss for key session:603, fetched from origin
2026-08-30 03:10:04 [INFO] scheduled job heartbeat tick 604
2026-08-30 03:10:05 [INFO] cache hit for key session:605
2026-08-30 03:10:06 [INFO] cache hit for key session:606
2026-08-30 03:10:07 [INFO] cache miss for key session:607, fetched from origin
2026-08-30 03:10:08 [INFO] metrics flushed: 608 series
2026-08-30 03:10:09 [INFO] metrics flushed: 609 series
2026-08-30 03:10:10 [INFO] metrics flushed: 610 series
2026-08-30 03:10:11 [INFO] scheduled job heartbeat tick 611
2026-08-30 03:10:12 [INFO] cache hit for key session:612
2026-08-30 03:10:13 [INFO] cache miss for key session:613, fetched from origin
2026-08-30 03:10:14 [INFO] cache hit for key session:614
2026-08-30 03:10:15 [INFO] cache hit for key session:615
2026-08-30 03:10:16 [INFO] metrics flushed: 616 series
2026-08-30 03:10:17 [INFO] cache hit for key session:617
2026-08-30 03:10:18 [INFO] metrics flushed: 618 series
2026-08-30 03:10:19 [INFO] metrics flushed: 619 series
2026-08-30 03:10:20 [INFO] cache miss for key session:620, fetched from origin
2026-08-30 03:10:21 [INFO] scheduled job heartbeat tick 621
2026-08-30 03:10:22 [INFO] scheduled job heartbeat tick 622
2026-08-30 03:10:23 [INFO] cache miss for key session:623, fetched from origin
2026-08-30 03:10:24 [INFO] cache miss for key session:624, fetched from origin
2026-08-30 03:10:25 [INFO] cache hit for key session:625
2026-08-30 03:10:26 [INFO] cache miss for key session:626, fetched from origin
2026-08-30 03:10:27 [INFO] metrics flushed: 627 series
2026-08-30 03:10:28 [INFO] scheduled job heartbeat tick 628
2026-08-30 03:10:29 [INFO] cache miss for key session:629, fetched from origin
2026-08-30 03:10:30 [INFO] cache miss for key session:630, fetched from origin
2026-08-30 03:10:31 [INFO] cache hit for key session:631
2026-08-30 03:10:32 [INFO] cache hit for key session:632
2026-08-30 03:10:33 [INFO] cache miss for key session:633, fetched from origin
2026-08-30 03:10:34 [INFO] metrics flushed: 634 series
2026-08-30 03:10:35 [INFO] cache miss for key session:635, fetched from origin
2026-08-30 03:10:36 [INFO] scheduled job heartbeat tick 636
2026-08-30 03:10:37 [INFO] cache miss for key session:637, fetched from origin
2026-08-30 03:10:38 [INFO] metrics flushed: 638 series
2026-08-30 03:10:39 [INFO] metrics flushed: 639 series
2026-08-30 03:10:40 [INFO] cache hit for key session:640
2026-08-30 03:10:41 [INFO] scheduled job heartbeat tick 641
2026-08-30 03:10:42 [INFO] metrics flushed: 642 series
2026-08-30 03:10:43 [INFO] scheduled job heartbeat tick 643
2026-08-30 03:10:44 [INFO] metrics flushed: 644 series
2026-08-30 03:10:45 [INFO] cache miss for key session:645, fetched from origin
2026-08-30 03:10:46 [INFO] metrics flushed: 646 series
2026-08-30 03:10:47 [INFO] cache hit for key session:647
2026-08-30 03:10:48 [INFO] scheduled job heartbeat tick 648
2026-08-30 03:10:49 [INFO] cache miss for key session:649, fetched from origin
2026-08-30 03:10:50 [INFO] cache miss for key session:650, fetched from origin
2026-08-30 03:10:51 [INFO] scheduled job heartbeat tick 651
2026-08-30 03:10:52 [INFO] cache hit for key session:652
2026-08-30 03:10:53 [INFO] scheduled job heartbeat tick 653
2026-08-30 03:10:54 [INFO] metrics flushed: 654 series
2026-08-30 03:10:55 [INFO] metrics flushed: 655 series
2026-08-30 03:10:56 [INFO] metrics flushed: 656 series
2026-08-30 03:10:57 [INFO] cache hit for key session:657
2026-08-30 03:10:58 [INFO] scheduled job heartbeat tick 658
2026-08-30 03:10:59 [INFO] scheduled job heartbeat tick 659
2026-08-30 03:11:00 [INFO] scheduled job heartbeat tick 660
2026-08-30 03:11:01 [INFO] cache hit for key session:661
2026-08-30 03:11:02 [INFO] cache hit for key session:662
2026-08-30 03:11:03 [INFO] cache hit for key session:663
2026-08-30 03:11:04 [INFO] scheduled job heartbeat tick 664
2026-08-30 03:11:05 [INFO] scheduled job heartbeat tick 665
2026-08-30 03:11:06 [INFO] cache hit for key session:666
2026-08-30 03:11:07 [INFO] metrics flushed: 667 series
2026-08-30 03:11:08 [INFO] cache miss for key session:668, fetched from origin
2026-08-30 03:11:09 [INFO] cache miss for key session:669, fetched from origin
2026-08-30 03:11:10 [INFO] scheduled job heartbeat tick 670
2026-08-30 03:11:11 [INFO] scheduled job heartbeat tick 671
2026-08-30 03:11:12 [INFO] cache miss for key session:672, fetched from origin
2026-08-30 03:11:13 [INFO] cache hit for key session:673
2026-08-30 03:11:14 [INFO] cache hit for key session:674
2026-08-30 03:11:15 [INFO] cache miss for key session:675, fetched from origin
2026-08-30 03:11:16 [INFO] cache hit for key session:676
2026-08-30 03:11:17 [INFO] cache hit for key session:677
2026-08-30 03:11:18 [INFO] cache hit for key session:678
2026-08-30 03:11:19 [INFO] cache hit for key session:679
2026-08-30 03:11:20 [INFO] metrics flushed: 680 series
2026-08-30 03:11:21 [INFO] cache miss for key session:681, fetched from origin
2026-08-30 03:11:22 [INFO] cache miss for key session:682, fetched from origin
2026-08-30 03:11:23 [INFO] cache miss for key session:683, fetched from origin
2026-08-30 03:11:24 [INFO] scheduled job heartbeat tick 684
2026-08-30 03:11:25 [INFO] scheduled job heartbeat tick 685
2026-08-30 03:11:26 [INFO] metrics flushed: 686 series
2026-08-30 03:11:27 [INFO] scheduled job heartbeat tick 687
2026-08-30 03:11:28 [INFO] metrics flushed: 688 series
2026-08-30 03:11:29 [INFO] scheduled job heartbeat tick 689
2026-08-30 03:11:30 [INFO] metrics flushed: 690 series
2026-08-30 03:11:31 [INFO] cache hit for key session:691
2026-08-30 03:11:32 [INFO] metrics flushed: 692 series
2026-08-30 03:11:33 [INFO] scheduled job heartbeat tick 693
2026-08-30 03:11:34 [INFO] metrics flushed: 694 series
2026-08-30 03:11:35 [INFO] cache miss for key session:695, fetched from origin
2026-08-30 03:11:36 [INFO] cache miss for key session:696, fetched from origin
2026-08-30 03:11:37 [INFO] scheduled job heartbeat tick 697
2026-08-30 03:11:38 [INFO] cache miss for key session:698, fetched from origin
2026-08-30 03:11:39 [INFO] metrics flushed: 699 series
2026-08-30 03:11:40 [INFO] metrics flushed: 700 series
2026-08-30 03:11:41 [INFO] scheduled job heartbeat tick 701
2026-08-30 03:11:42 [INFO] cache miss for key session:702, fetched from origin
2026-08-30 03:11:43 [INFO] cache miss for key session:703, fetched from origin
2026-08-30 03:11:44 [INFO] cache hit for key session:704
2026-08-30 03:11:45 [INFO] cache miss for key session:705, fetched from origin
2026-08-30 03:11:46 [INFO] metrics flushed: 706 series
2026-08-30 03:11:47 [INFO] cache miss for key session:707, fetched from origin
2026-08-30 03:11:48 [INFO] cache hit for key session:708
2026-08-30 03:11:49 [INFO] scheduled job heartbeat tick 709
2026-08-30 03:11:50 [INFO] metrics flushed: 710 series
2026-08-30 03:11:51 [INFO] metrics flushed: 711 series
2026-08-30 03:11:52 [INFO] scheduled job heartbeat tick 712
2026-08-30 03:11:53 [INFO] metrics flushed: 713 series
2026-08-30 03:11:54 [INFO] cache hit for key session:714
2026-08-30 03:11:55 [INFO] cache hit for key session:715
2026-08-30 03:11:56 [INFO] cache hit for key session:716
2026-08-30 03:11:57 [INFO] cache miss for key session:717, fetched from origin
2026-08-30 03:11:58 [INFO] cache hit for key session:718
2026-08-30 03:11:59 [INFO] cache hit for key session:719
2026-08-30 03:12:00 [INFO] metrics flushed: 720 series
2026-08-30 03:12:01 [INFO] cache hit for key session:721
2026-08-30 03:12:02 [INFO] cache hit for key session:722
2026-08-30 03:12:03 [INFO] cache miss for key session:723, fetched from origin
2026-08-30 03:12:04 [INFO] scheduled job heartbeat tick 724
2026-08-30 03:12:05 [INFO] metrics flushed: 725 series
2026-08-30 03:12:06 [INFO] scheduled job heartbeat tick 726
2026-08-30 03:12:07 [INFO] metrics flushed: 727 series
2026-08-30 03:12:08 [INFO] scheduled job heartbeat tick 728
2026-08-30 03:12:09 [INFO] scheduled job heartbeat tick 729
2026-08-30 03:12:10 [INFO] metrics flushed: 730 series
2026-08-30 03:12:11 [INFO] metrics flushed: 731 series
2026-08-30 03:12:12 [INFO] metrics flushed: 732 series
2026-08-30 03:12:13 [INFO] cache miss for key session:733, fetched from origin
2026-08-30 03:12:14 [INFO] cache miss for key session:734, fetched from origin
2026-08-30 03:12:15 [INFO] cache hit for key session:735
2026-08-30 03:12:16 [INFO] scheduled job heartbeat tick 736
2026-08-30 03:12:17 [INFO] cache hit for key session:737
2026-08-30 03:12:18 [INFO] scheduled job heartbeat tick 738
2026-08-30 03:12:19 [INFO] metrics flushed: 739 series
2026-08-30 03:12:20 [INFO] cache miss for key session:740, fetched from origin
2026-08-30 03:12:21 [INFO] cache miss for key session:741, fetched from origin
2026-08-30 03:12:22 [INFO] cache hit for key session:742
2026-08-30 03:12:23 [INFO] scheduled job heartbeat tick 743
2026-08-30 03:12:24 [INFO] cache hit for key session:744
2026-08-30 03:12:25 [INFO] scheduled job heartbeat tick 745
2026-08-30 03:12:26 [INFO] metrics flushed: 746 series
2026-08-30 03:12:27 [INFO] scheduled job heartbeat tick 747
2026-08-30 03:12:28 [INFO] scheduled job heartbeat tick 748
2026-08-30 03:12:29 [INFO] scheduled job heartbeat tick 749
2026-08-30 03:12:30 [INFO] scheduled job heartbeat tick 750
2026-08-30 03:12:31 [INFO] scheduled job heartbeat tick 751
2026-08-30 03:12:32 [INFO] cache hit for key session:752
2026-08-30 03:12:33 [INFO] scheduled job heartbeat tick 753
2026-08-30 03:12:34 [INFO] cache miss for key session:754, fetched from origin
2026-08-30 03:12:35 [INFO] cache hit for key session:755
2026-08-30 03:12:36 [INFO] cache miss for key session:756, fetched from origin
2026-08-30 03:12:37 [INFO] metrics flushed: 757 series
2026-08-30 03:12:38 [INFO] scheduled job heartbeat tick 758
2026-08-30 03:12:39 [INFO] scheduled job heartbeat tick 759
2026-08-30 03:12:40 [INFO] scheduled job heartbeat tick 760
2026-08-30 03:12:41 [INFO] metrics flushed: 761 series
2026-08-30 03:12:42 [INFO] metrics flushed: 762 series
2026-08-30 03:12:43 [INFO] cache miss for key session:763, fetched from origin
2026-08-30 03:12:44 [INFO] metrics flushed: 764 series
2026-08-30 03:12:45 [INFO] cache miss for key session:765, fetched from origin
2026-08-30 03:12:46 [INFO] scheduled job heartbeat tick 766
2026-08-30 03:12:47 [INFO] cache miss for key session:767, fetched from origin
2026-08-30 03:12:48 [INFO] cache miss for key session:768, fetched from origin
2026-08-30 03:12:49 [INFO] metrics flushed: 769 series
2026-08-30 03:12:50 [INFO] metrics flushed: 770 series
2026-08-30 03:12:51 [INFO] cache miss for key session:771, fetched from origin
2026-08-30 03:12:52 [INFO] cache miss for key session:772, fetched from origin
2026-08-30 03:12:53 [INFO] cache hit for key session:773
2026-08-30 03:12:54 [INFO] cache miss for key session:774, fetched from origin
2026-08-30 03:12:55 [INFO] metrics flushed: 775 series
2026-08-30 03:12:56 [INFO] metrics flushed: 776 series
2026-08-30 03:12:57 [INFO] cache hit for key session:777
2026-08-30 03:12:58 [INFO] scheduled job heartbeat tick 778
2026-08-30 03:12:59 [INFO] cache hit for key session:779
2026-08-30 03:13:00 [INFO] metrics flushed: 780 series
2026-08-30 03:13:01 [INFO] scheduled job heartbeat tick 781
2026-08-30 03:13:02 [INFO] cache miss for key session:782, fetched from origin
2026-08-30 03:13:03 [INFO] metrics flushed: 783 series
2026-08-30 03:13:04 [INFO] cache miss for key session:784, fetched from origin
2026-08-30 03:13:05 [INFO] scheduled job heartbeat tick 785
2026-08-30 03:13:06 [INFO] scheduled job heartbeat tick 786
2026-08-30 03:13:07 [INFO] metrics flushed: 787 series
2026-08-30 03:13:08 [INFO] cache hit for key session:788
2026-08-30 03:13:09 [INFO] cache hit for key session:789
2026-08-30 03:13:10 [INFO] scheduled job heartbeat tick 790
2026-08-30 03:13:11 [INFO] cache hit for key session:791
2026-08-30 03:13:12 [INFO] metrics flushed: 792 series
2026-08-30 03:13:13 [INFO] cache hit for key session:793
2026-08-30 03:13:14 [INFO] metrics flushed: 794 series
2026-08-30 03:13:15 [INFO] cache miss for key session:795, fetched from origin
2026-08-30 03:13:16 [INFO] scheduled job heartbeat tick 796
2026-08-30 03:13:17 [INFO] metrics flushed: 797 series
2026-08-30 03:13:18 [INFO] metrics flushed: 798 series
2026-08-30 03:13:19 [INFO] metrics flushed: 799 series
2026-08-30 03:13:20 [INFO] metrics flushed: 800 series
2026-08-30 03:13:21 [INFO] metrics flushed: 801 series
2026-08-30 03:13:22 [INFO] scheduled job heartbeat tick 802
2026-08-30 03:13:23 [INFO] scheduled job heartbeat tick 803
2026-08-30 03:13:24 [INFO] metrics flushed: 804 series
2026-08-30 03:13:25 [INFO] scheduled job heartbeat tick 805
2026-08-30 03:13:26 [INFO] cache hit for key session:806
2026-08-30 03:13:27 [INFO] cache miss for key session:807, fetched from origin
2026-08-30 03:13:28 [INFO] metrics flushed: 808 series
2026-08-30 03:13:29 [INFO] cache miss for key session:809, fetched from origin
2026-08-30 03:13:30 [INFO] scheduled job heartbeat tick 810
2026-08-30 03:13:31 [INFO] cache hit for key session:811
2026-08-30 03:13:32 [INFO] scheduled job heartbeat tick 812
2026-08-30 03:13:33 [INFO] scheduled job heartbeat tick 813
2026-08-30 03:13:34 [INFO] cache miss for key session:814, fetched from origin
2026-08-30 03:13:35 [INFO] cache miss for key session:815, fetched from origin
2026-08-30 03:13:36 [INFO] metrics flushed: 816 series
2026-08-30 03:13:37 [INFO] metrics flushed: 817 series
2026-08-30 03:13:38 [INFO] metrics flushed: 818 series
2026-08-30 03:13:39 [INFO] scheduled job heartbeat tick 819
2026-08-30 03:13:40 [INFO] metrics flushed: 820 series
2026-08-30 03:13:41 [INFO] metrics flushed: 821 series
2026-08-30 03:13:42 [INFO] metrics flushed: 822 series
2026-08-30 03:13:43 [INFO] cache hit for key session:823
2026-08-30 03:13:44 [INFO] metrics flushed: 824 series
2026-08-30 03:13:45 [INFO] cache miss for key session:825, fetched from origin
2026-08-30 03:13:46 [INFO] cache hit for key session:826
2026-08-30 03:13:47 [INFO] metrics flushed: 827 series
2026-08-30 03:13:48 [INFO] cache hit for key session:828
2026-08-30 03:13:49 [INFO] metrics flushed: 829 series
2026-08-30 03:13:50 [INFO] cache miss for key session:830, fetched from origin
2026-08-30 03:13:51 [INFO] scheduled job heartbeat tick 831
2026-08-30 03:13:52 [INFO] cache miss for key session:832, fetched from origin
2026-08-30 03:13:53 [INFO] metrics flushed: 833 series
2026-08-30 03:13:54 [INFO] scheduled job heartbeat tick 834
2026-08-30 03:13:55 [INFO] metrics flushed: 835 series
2026-08-30 03:13:56 [INFO] metrics flushed: 836 series
2026-08-30 03:13:57 [INFO] cache hit for key session:837
2026-08-30 03:13:58 [INFO] cache hit for key session:838
2026-08-30 03:13:59 [INFO] cache miss for key session:839, fetched from origin
2026-08-30 03:14:00 [INFO] scheduled job heartbeat tick 840
2026-08-30 03:14:01 [INFO] scheduled job heartbeat tick 841
2026-08-30 03:14:02 [INFO] cache miss for key session:842, fetched from origin
2026-08-30 03:14:03 [INFO] cache hit for key session:843
2026-08-30 03:14:04 [INFO] metrics flushed: 844 series
2026-08-30 03:14:05 [INFO] cache miss for key session:845, fetched from origin
2026-08-30 03:14:06 [INFO] cache hit for key session:846
2026-08-30 03:14:07 [INFO] cache hit for key session:847
2026-08-30 03:14:08 [INFO] scheduled job heartbeat tick 848
2026-08-30 03:14:09 [INFO] cache miss for key session:849, fetched from origin
2026-08-30 03:14:10 [INFO] cache hit for key session:850
2026-08-30 03:14:11 [INFO] metrics flushed: 851 series
2026-08-30 03:14:12 [INFO] cache hit for key session:852
2026-08-30 03:14:13 [INFO] scheduled job heartbeat tick 853
2026-08-30 03:14:14 [INFO] scheduled job heartbeat tick 854
2026-08-30 03:14:15 [INFO] scheduled job heartbeat tick 855
2026-08-30 03:14:16 [INFO] cache hit for key session:856
2026-08-30 03:14:17 [INFO] cache miss for key session:857, fetched from origin
2026-08-30 03:14:18 [INFO] scheduled job heartbeat tick 858
2026-08-30 03:14:19 [INFO] metrics flushed: 859 series
2026-08-30 03:14:20 [INFO] scheduled job heartbeat tick 860
2026-08-30 03:14:21 [INFO] scheduled job heartbeat tick 861
2026-08-30 03:14:22 [INFO] scheduled job heartbeat tick 862
2026-08-30 03:14:23 [INFO] scheduled job heartbeat tick 863
2026-08-30 03:14:24 [INFO] cache miss for key session:864, fetched from origin
2026-08-30 03:14:25 [INFO] metrics flushed: 865 series
2026-08-30 03:14:26 [INFO] cache miss for key session:866, fetched from origin
2026-08-30 03:14:27 [INFO] cache miss for key session:867, fetched from origin
2026-08-30 03:14:28 [INFO] cache hit for key session:868
2026-08-30 03:14:29 [INFO] cache miss for key session:869, fetched from origin
2026-08-30 03:14:30 [INFO] cache miss for key session:870, fetched from origin
2026-08-30 03:14:31 [INFO] cache miss for key session:871, fetched from origin
2026-08-30 03:14:32 [INFO] cache hit for key session:872
2026-08-30 03:14:33 [INFO] metrics flushed: 873 series
2026-08-30 03:14:34 [INFO] cache hit for key session:874
2026-08-30 03:14:35 [INFO] scheduled job heartbeat tick 875
2026-08-30 03:14:36 [INFO] metrics flushed: 876 series
2026-08-30 03:14:37 [INFO] cache miss for key session:877, fetched from origin
2026-08-30 03:14:38 [INFO] cache hit for key session:878
2026-08-30 03:14:39 [INFO] cache hit for key session:879
2026-08-30 03:14:40 [INFO] cache miss for key session:880, fetched from origin
2026-08-30 03:14:41 [INFO] metrics flushed: 881 series
2026-08-30 03:14:42 [INFO] scheduled job heartbeat tick 882
2026-08-30 03:14:43 [INFO] metrics flushed: 883 series
2026-08-30 03:14:44 [INFO] scheduled job heartbeat tick 884
2026-08-30 03:14:45 [INFO] cache hit for key session:885
2026-08-30 03:14:46 [INFO] cache hit for key session:886
2026-08-30 03:14:47 [INFO] cache hit for key session:887
2026-08-30 03:14:48 [INFO] scheduled job heartbeat tick 888
2026-08-30 03:14:49 [INFO] cache miss for key session:889, fetched from origin
2026-08-30 03:14:50 [INFO] scheduled job heartbeat tick 890
2026-08-30 03:14:51 [INFO] cache miss for key session:891, fetched from origin
2026-08-30 03:14:52 [INFO] metrics flushed: 892 series
2026-08-30 03:14:53 [INFO] metrics flushed: 893 series
2026-08-30 03:14:54 [INFO] metrics flushed: 894 series
2026-08-30 03:14:55 [INFO] metrics flushed: 895 series
2026-08-30 03:14:56 [INFO] scheduled job heartbeat tick 896
2026-08-30 03:14:57 [INFO] cache miss for key session:897, fetched from origin
2026-08-30 03:14:58 [INFO] cache hit for key session:898
2026-08-30 03:14:59 [INFO] cache miss for key session:899, fetched from origin
2026-08-30 03:15:00 [INFO] metrics flushed: 900 series
2026-08-30 03:15:01 [INFO] metrics flushed: 901 series
2026-08-30 03:15:02 [INFO] metrics flushed: 902 series
2026-08-30 03:15:03 [INFO] cache miss for key session:903, fetched from origin
2026-08-30 03:15:04 [INFO] scheduled job heartbeat tick 904
2026-08-30 03:15:05 [INFO] cache miss for key session:905, fetched from origin
2026-08-30 03:15:06 [INFO] scheduled job heartbeat tick 906
2026-08-30 03:15:07 [INFO] scheduled job heartbeat tick 907
2026-08-30 03:15:08 [INFO] scheduled job heartbeat tick 908
2026-08-30 03:15:09 [INFO] cache hit for key session:909
2026-08-30 03:15:10 [INFO] cache hit for key session:910
2026-08-30 03:15:11 [INFO] scheduled job heartbeat tick 911
2026-08-30 03:15:12 [INFO] metrics flushed: 912 series
2026-08-30 03:15:13 [INFO] cache hit for key session:913
2026-08-30 03:15:14 [INFO] metrics flushed: 914 series
2026-08-30 03:15:15 [INFO] cache miss for key session:915, fetched from origin
2026-08-30 03:15:16 [INFO] metrics flushed: 916 series
2026-08-30 03:15:17 [INFO] cache hit for key session:917
2026-08-30 03:15:18 [INFO] metrics flushed: 918 series
2026-08-30 03:15:19 [INFO] cache hit for key session:919
2026-08-30 03:15:20 [INFO] scheduled job heartbeat tick 920
2026-08-30 03:15:21 [INFO] cache miss for key session:921, fetched from origin
2026-08-30 03:15:22 [INFO] scheduled job heartbeat tick 922
2026-08-30 03:15:23 [INFO] scheduled job heartbeat tick 923
2026-08-30 03:15:24 [INFO] cache miss for key session:924, fetched from origin
2026-08-30 03:15:25 [INFO] scheduled job heartbeat tick 925
2026-08-30 03:15:26 [INFO] metrics flushed: 926 series
2026-08-30 03:15:27 [INFO] metrics flushed: 927 series
2026-08-30 03:15:28 [INFO] scheduled job heartbeat tick 928
2026-08-30 03:15:29 [INFO] metrics flushed: 929 series
2026-08-30 03:15:30 [INFO] scheduled job heartbeat tick 930
2026-08-30 03:15:31 [INFO] scheduled job heartbeat tick 931
2026-08-30 03:15:32 [INFO] cache hit for key session:932
2026-08-30 03:15:33 [INFO] cache miss for key session:933, fetched from origin
2026-08-30 03:15:34 [INFO] cache miss for key session:934, fetched from origin
2026-08-30 03:15:35 [INFO] cache hit for key session:935
2026-08-30 03:15:36 [INFO] scheduled job heartbeat tick 936
2026-08-30 03:15:37 [INFO] cache miss for key session:937, fetched from origin
2026-08-30 03:15:38 [INFO] cache miss for key session:938, fetched from origin
2026-08-30 03:15:39 [INFO] scheduled job heartbeat tick 939
2026-08-30 03:15:40 [INFO] metrics flushed: 940 series
2026-08-30 03:15:41 [INFO] cache miss for key session:941, fetched from origin
2026-08-30 03:15:42 [INFO] cache miss for key session:942, fetched from origin
2026-08-30 03:15:43 [INFO] cache miss for key session:943, fetched from origin
2026-08-30 03:15:44 [INFO] metrics flushed: 944 series
2026-08-30 03:15:45 [INFO] cache miss for key session:945, fetched from origin
2026-08-30 03:15:46 [INFO] cache hit for key session:946
2026-08-30 03:15:47 [INFO] cache hit for key session:947
2026-08-30 03:15:48 [INFO] scheduled job heartbeat tick 948
2026-08-30 03:15:49 [INFO] cache hit for key session:949
2026-08-30 03:15:50 [INFO] cache hit for key session:950
2026-08-30 03:15:51 [INFO] scheduled job heartbeat tick 951
2026-08-30 03:15:52 [INFO] cache hit for key session:952
2026-08-30 03:15:53 [INFO] metrics flushed: 953 series
2026-08-30 03:15:54 [INFO] cache miss for key session:954, fetched from origin
2026-08-30 03:15:55 [INFO] metrics flushed: 955 series
2026-08-30 03:15:56 [INFO] scheduled job heartbeat tick 956
2026-08-30 03:15:57 [INFO] metrics flushed: 957 series
2026-08-30 03:15:58 [INFO] scheduled job heartbeat tick 958
2026-08-30 03:15:59 [INFO] cache miss for key session:959, fetched from origin
2026-08-30 03:16:00 [INFO] metrics flushed: 960 series
2026-08-30 03:16:01 [INFO] cache hit for key session:961
2026-08-30 03:16:02 [INFO] metrics flushed: 962 series
2026-08-30 03:16:03 [INFO] cache hit for key session:963
2026-08-30 03:16:04 [INFO] metrics flushed: 964 series
2026-08-30 03:16:05 [INFO] metrics flushed: 965 series
2026-08-30 03:16:06 [INFO] cache miss for key session:966, fetched from origin
2026-08-30 03:16:07 [INFO] scheduled job heartbeat tick 967
2026-08-30 03:16:08 [INFO] cache miss for key session:968, fetched from origin
2026-08-30 03:16:09 [INFO] metrics flushed: 969 series
2026-08-30 03:16:10 [INFO] cache miss for key session:970, fetched from origin
2026-08-30 03:16:11 [INFO] cache hit for key session:971
2026-08-30 03:16:12 [INFO] cache miss for key session:972, fetched from origin
2026-08-30 03:16:13 [INFO] metrics flushed: 973 series
2026-08-30 03:16:14 [INFO] cache hit for key session:974
2026-08-30 03:16:15 [INFO] metrics flushed: 975 series
2026-08-30 03:16:16 [INFO] scheduled job heartbeat tick 976
2026-08-30 03:16:17 [INFO] cache hit for key session:977
2026-08-30 03:16:18 [INFO] cache hit for key session:978
2026-08-30 03:16:19 [INFO] cache hit for key session:979
2026-08-30 03:16:20 [INFO] scheduled job heartbeat tick 980
2026-08-30 03:16:21 [INFO] cache miss for key session:981, fetched from origin
2026-08-30 03:16:22 [INFO] cache miss for key session:982, fetched from origin
2026-08-30 03:16:23 [INFO] cache hit for key session:983
2026-08-30 03:16:24 [INFO] cache hit for key session:984
2026-08-30 03:16:25 [INFO] cache hit for key session:985
2026-08-30 03:16:26 [INFO] cache hit for key session:986
2026-08-30 03:16:27 [INFO] cache hit for key session:987
2026-08-30 03:16:28 [INFO] metrics flushed: 988 series
2026-08-30 03:16:29 [INFO] scheduled job heartbeat tick 989
2026-08-30 03:16:30 [INFO] cache miss for key session:990, fetched from origin
2026-08-30 03:16:31 [INFO] scheduled job heartbeat tick 991
2026-08-30 03:16:32 [INFO] scheduled job heartbeat tick 992
2026-08-30 03:16:33 [INFO] cache hit for key session:993
2026-08-30 03:16:34 [INFO] metrics flushed: 994 series
2026-08-30 03:16:35 [INFO] cache hit for key session:995
2026-08-30 03:16:36 [INFO] cache hit for key session:996
2026-08-30 03:16:37 [INFO] cache miss for key session:997, fetched from origin
2026-08-30 03:16:38 [INFO] metrics flushed: 998 series
2026-08-30 03:16:39 [INFO] scheduled job heartbeat tick 999
2026-08-30 03:16:40 [INFO] metrics flushed: 1000 series
2026-08-30 03:16:41 [INFO] scheduled job heartbeat tick 1001
2026-08-30 03:16:42 [INFO] cache miss for key session:1002, fetched from origin
2026-08-30 03:16:43 [INFO] cache miss for key session:1003, fetched from origin
2026-08-30 03:16:44 [INFO] scheduled job heartbeat tick 1004
2026-08-30 03:16:45 [INFO] scheduled job heartbeat tick 1005
2026-08-30 03:16:46 [INFO] cache hit for key session:1006
2026-08-30 03:16:47 [INFO] cache miss for key session:1007, fetched from origin
2026-08-30 03:16:48 [INFO] cache hit for key session:1008
2026-08-30 03:16:49 [INFO] metrics flushed: 1009 series
2026-08-30 03:16:50 [INFO] cache hit for key session:1010
2026-08-30 03:16:51 [INFO] cache miss for key session:1011, fetched from origin
2026-08-30 03:16:52 [INFO] cache hit for key session:1012
2026-08-30 03:16:53 [INFO] metrics flushed: 1013 series
2026-08-30 03:16:54 [INFO] scheduled job heartbeat tick 1014
2026-08-30 03:16:55 [INFO] cache miss for key session:1015, fetched from origin
2026-08-30 03:16:56 [INFO] metrics flushed: 1016 series
2026-08-30 03:16:57 [INFO] metrics flushed: 1017 series
2026-08-30 03:16:58 [INFO] cache hit for key session:1018
2026-08-30 03:16:59 [INFO] scheduled job heartbeat tick 1019
2026-08-30 03:17:00 [INFO] scheduled job heartbeat tick 1020
2026-08-30 03:17:01 [INFO] cache miss for key session:1021, fetched from origin
2026-08-30 03:17:02 [INFO] scheduled job heartbeat tick 1022
2026-08-30 03:17:03 [INFO] metrics flushed: 1023 series
2026-08-30 03:17:04 [INFO] scheduled job heartbeat tick 1024
2026-08-30 03:17:05 [INFO] scheduled job heartbeat tick 1025
2026-08-30 03:17:06 [INFO] metrics flushed: 1026 series
2026-08-30 03:17:07 [INFO] metrics flushed: 1027 series
2026-08-30 03:17:08 [INFO] cache miss for key session:1028, fetched from origin
2026-08-30 03:17:09 [INFO] metrics flushed: 1029 series
2026-08-30 03:17:10 [INFO] scheduled job heartbeat tick 1030
2026-08-30 03:17:11 [INFO] scheduled job heartbeat tick 1031
2026-08-30 03:17:12 [INFO] cache hit for key session:1032
2026-08-30 03:17:13 [INFO] scheduled job heartbeat tick 1033
2026-08-30 03:17:14 [INFO] cache hit for key session:1034
2026-08-30 03:17:15 [INFO] scheduled job heartbeat tick 1035
2026-08-30 03:17:16 [INFO] metrics flushed: 1036 series
2026-08-30 03:17:17 [INFO] cache hit for key session:1037
2026-08-30 03:17:18 [INFO] scheduled job heartbeat tick 1038
2026-08-30 03:17:19 [INFO] scheduled job heartbeat tick 1039
2026-08-30 03:17:20 [INFO] metrics flushed: 1040 series
2026-08-30 03:17:21 [INFO] cache hit for key session:1041
2026-08-30 03:17:22 [INFO] metrics flushed: 1042 series
2026-08-30 03:17:23 [INFO] scheduled job heartbeat tick 1043
2026-08-30 03:17:24 [INFO] cache miss for key session:1044, fetched from origin
2026-08-30 03:17:25 [INFO] scheduled job heartbeat tick 1045
2026-08-30 03:17:26 [INFO] cache miss for key session:1046, fetched from origin
2026-08-30 03:17:27 [INFO] cache miss for key session:1047, fetched from origin
2026-08-30 03:17:28 [INFO] cache miss for key session:1048, fetched from origin
2026-08-30 03:17:29 [INFO] scheduled job heartbeat tick 1049
2026-08-30 03:17:30 [INFO] cache miss for key session:1050, fetched from origin
2026-08-30 03:17:31 [INFO] scheduled job heartbeat tick 1051
2026-08-30 03:17:32 [INFO] cache miss for key session:1052, fetched from origin
2026-08-30 03:17:33 [INFO] cache hit for key session:1053
2026-08-30 03:17:34 [INFO] metrics flushed: 1054 series
2026-08-30 03:17:35 [INFO] scheduled job heartbeat tick 1055
2026-08-30 03:17:36 [INFO] cache miss for key session:1056, fetched from origin
2026-08-30 03:17:37 [INFO] cache miss for key session:1057, fetched from origin
2026-08-30 03:17:38 [INFO] cache miss for key session:1058, fetched from origin
2026-08-30 03:17:39 [INFO] metrics flushed: 1059 series
2026-08-30 03:17:40 [INFO] scheduled job heartbeat tick 1060
2026-08-30 03:17:41 [INFO] scheduled job heartbeat tick 1061
2026-08-30 03:17:42 [INFO] cache hit for key session:1062
2026-08-30 03:17:43 [INFO] scheduled job heartbeat tick 1063
2026-08-30 03:17:44 [INFO] scheduled job heartbeat tick 1064
2026-08-30 03:17:45 [INFO] cache hit for key session:1065
2026-08-30 03:17:46 [INFO] cache miss for key session:1066, fetched from origin
2026-08-30 03:17:47 [INFO] metrics flushed: 1067 series
2026-08-30 03:17:48 [INFO] metrics flushed: 1068 series
2026-08-30 03:17:49 [INFO] metrics flushed: 1069 series
2026-08-30 03:17:50 [INFO] scheduled job heartbeat tick 1070
2026-08-30 03:17:51 [INFO] cache miss for key session:1071, fetched from origin
2026-08-30 03:17:52 [INFO] cache hit for key session:1072
2026-08-30 03:17:53 [INFO] cache hit for key session:1073
2026-08-30 03:17:54 [INFO] metrics flushed: 1074 series
2026-08-30 03:17:55 [INFO] scheduled job heartbeat tick 1075
2026-08-30 03:17:56 [INFO] cache hit for key session:1076
2026-08-30 03:17:57 [INFO] metrics flushed: 1077 series
2026-08-30 03:17:58 [INFO] cache hit for key session:1078
2026-08-30 03:17:59 [INFO] metrics flushed: 1079 series
2026-08-30 03:18:00 [INFO] cache miss for key session:1080, fetched from origin
2026-08-30 03:18:01 [INFO] cache hit for key session:1081
2026-08-30 03:18:02 [INFO] cache hit for key session:1082
2026-08-30 03:18:03 [INFO] cache miss for key session:1083, fetched from origin
2026-08-30 03:18:04 [INFO] metrics flushed: 1084 series
2026-08-30 03:18:05 [INFO] scheduled job heartbeat tick 1085
2026-08-30 03:18:06 [INFO] cache miss for key session:1086, fetched from origin
2026-08-30 03:18:07 [INFO] cache miss for key session:1087, fetched from origin
2026-08-30 03:18:08 [INFO] cache miss for key session:1088, fetched from origin
2026-08-30 03:18:09 [INFO] cache miss for key session:1089, fetched from origin
2026-08-30 03:18:10 [INFO] cache miss for key session:1090, fetched from origin
2026-08-30 03:18:11 [INFO] cache miss for key session:1091, fetched from origin
2026-08-30 03:18:12 [INFO] metrics flushed: 1092 series
2026-08-30 03:18:13 [INFO] scheduled job heartbeat tick 1093
2026-08-30 03:18:14 [INFO] scheduled job heartbeat tick 1094
2026-08-30 03:18:15 [INFO] metrics flushed: 1095 series
2026-08-30 03:18:16 [INFO] cache miss for key session:1096, fetched from origin
2026-08-30 03:18:17 [INFO] scheduled job heartbeat tick 1097
2026-08-30 03:18:18 [INFO] metrics flushed: 1098 series
2026-08-30 03:18:19 [INFO] scheduled job heartbeat tick 1099
2026-08-30 03:18:20 [INFO] metrics flushed: 1100 series
2026-08-30 03:18:21 [INFO] cache hit for key session:1101
2026-08-30 03:18:22 [INFO] cache hit for key session:1102
2026-08-30 03:18:23 [INFO] cache miss for key session:1103, fetched from origin
2026-08-30 03:18:24 [INFO] scheduled job heartbeat tick 1104
2026-08-30 03:18:25 [INFO] cache miss for key session:1105, fetched from origin
2026-08-30 03:18:26 [INFO] cache hit for key session:1106
2026-08-30 03:18:27 [INFO] scheduled job heartbeat tick 1107
2026-08-30 03:18:28 [INFO] scheduled job heartbeat tick 1108
2026-08-30 03:18:29 [INFO] metrics flushed: 1109 series
2026-08-30 03:18:30 [INFO] scheduled job heartbeat tick 1110
2026-08-30 03:18:31 [INFO] scheduled job heartbeat tick 1111
2026-08-30 03:18:32 [INFO] scheduled job heartbeat tick 1112
2026-08-30 03:18:33 [INFO] cache miss for key session:1113, fetched from origin
2026-08-30 03:18:34 [INFO] cache hit for key session:1114
2026-08-30 03:18:35 [INFO] scheduled job heartbeat tick 1115
2026-08-30 03:18:36 [INFO] metrics flushed: 1116 series
2026-08-30 03:18:37 [INFO] metrics flushed: 1117 series
2026-08-30 03:18:38 [INFO] scheduled job heartbeat tick 1118
2026-08-30 03:18:39 [INFO] scheduled job heartbeat tick 1119
2026-08-30 03:18:40 [INFO] cache miss for key session:1120, fetched from origin
2026-08-30 03:18:41 [INFO] cache hit for key session:1121
2026-08-30 03:18:42 [INFO] cache miss for key session:1122, fetched from origin
2026-08-30 03:18:43 [INFO] scheduled job heartbeat tick 1123
2026-08-30 03:18:44 [INFO] cache miss for key session:1124, fetched from origin
2026-08-30 03:18:45 [INFO] scheduled job heartbeat tick 1125
2026-08-30 03:18:46 [INFO] cache miss for key session:1126, fetched from origin
2026-08-30 03:18:47 [INFO] cache hit for key session:1127
2026-08-30 03:18:48 [INFO] cache hit for key session:1128
2026-08-30 03:18:49 [INFO] scheduled job heartbeat tick 1129
2026-08-30 03:18:50 [INFO] metrics flushed: 1130 series
2026-08-30 03:18:51 [INFO] metrics flushed: 1131 series
2026-08-30 03:18:52 [INFO] cache miss for key session:1132, fetched from origin
2026-08-30 03:18:53 [INFO] cache miss for key session:1133, fetched from origin
2026-08-30 03:18:54 [INFO] cache miss for key session:1134, fetched from origin
2026-08-30 03:18:55 [INFO] cache hit for key session:1135
2026-08-30 03:18:56 [INFO] cache miss for key session:1136, fetched from origin
2026-08-30 03:18:57 [INFO] cache hit for key session:1137
2026-08-30 03:18:58 [INFO] cache miss for key session:1138, fetched from origin
2026-08-30 03:18:59 [INFO] metrics flushed: 1139 series
2026-08-30 03:19:00 [INFO] cache miss for key session:1140, fetched from origin
2026-08-30 03:19:01 [INFO] scheduled job heartbeat tick 1141
2026-08-30 03:19:02 [INFO] cache miss for key session:1142, fetched from origin
2026-08-30 03:19:03 [INFO] metrics flushed: 1143 series
2026-08-30 03:19:04 [INFO] scheduled job heartbeat tick 1144
2026-08-30 03:19:05 [INFO] cache miss for key session:1145, fetched from origin
2026-08-30 03:19:06 [INFO] scheduled job heartbeat tick 1146
2026-08-30 03:19:07 [INFO] cache hit for key session:1147
2026-08-30 03:19:08 [INFO] metrics flushed: 1148 series
2026-08-30 03:19:09 [INFO] metrics flushed: 1149 series
2026-08-30 03:19:10 [INFO] cache miss for key session:1150, fetched from origin
2026-08-30 03:19:11 [INFO] scheduled job heartbeat tick 1151
2026-08-30 03:19:12 [INFO] cache hit for key session:1152
2026-08-30 03:19:13 [INFO] scheduled job heartbeat tick 1153
2026-08-30 03:19:14 [INFO] cache miss for key session:1154, fetched from origin
2026-08-30 03:19:15 [INFO] metrics flushed: 1155 series
2026-08-30 03:19:16 [INFO] cache miss for key session:1156, fetched from origin
2026-08-30 03:19:17 [INFO] cache miss for key session:1157, fetched from origin
2026-08-30 03:19:18 [INFO] cache hit for key session:1158
2026-08-30 03:19:19 [INFO] cache miss for key session:1159, fetched from origin
2026-08-30 03:19:20 [INFO] scheduled job heartbeat tick 1160
2026-08-30 03:19:21 [INFO] scheduled job heartbeat tick 1161
2026-08-30 03:19:22 [INFO] cache hit for key session:1162
2026-08-30 03:19:23 [INFO] metrics flushed: 1163 series
2026-08-30 03:19:24 [INFO] cache hit for key session:1164
2026-08-30 03:19:25 [INFO] metrics flushed: 1165 series
2026-08-30 03:19:26 [INFO] cache miss for key session:1166, fetched from origin
2026-08-30 03:19:27 [INFO] cache miss for key session:1167, fetched from origin
2026-08-30 03:19:28 [INFO] cache hit for key session:1168
2026-08-30 03:19:29 [INFO] scheduled job heartbeat tick 1169
2026-08-30 03:19:30 [INFO] cache miss for key session:1170, fetched from origin
2026-08-30 03:19:31 [INFO] metrics flushed: 1171 series
2026-08-30 03:19:32 [INFO] cache miss for key session:1172, fetched from origin
2026-08-30 03:19:33 [INFO] cache miss for key session:1173, fetched from origin
2026-08-30 03:19:34 [INFO] cache hit for key session:1174
2026-08-30 03:19:35 [INFO] scheduled job heartbeat tick 1175
2026-08-30 03:19:36 [INFO] scheduled job heartbeat tick 1176
2026-08-30 03:19:37 [INFO] scheduled job heartbeat tick 1177
2026-08-30 03:19:38 [INFO] cache miss for key session:1178, fetched from origin
2026-08-30 03:19:39 [INFO] metrics flushed: 1179 series
2026-08-30 03:19:40 [INFO] scheduled job heartbeat tick 1180
2026-08-30 03:19:41 [INFO] cache miss for key session:1181, fetched from origin
2026-08-30 03:19:42 [INFO] metrics flushed: 1182 series
2026-08-30 03:19:43 [INFO] cache hit for key session:1183
2026-08-30 03:19:44 [INFO] cache miss for key session:1184, fetched from origin
2026-08-30 03:19:45 [INFO] scheduled job heartbeat tick 1185
2026-08-30 03:19:46 [INFO] metrics flushed: 1186 series
2026-08-30 03:19:47 [INFO] cache miss for key session:1187, fetched from origin
2026-08-30 03:19:48 [INFO] scheduled job heartbeat tick 1188
2026-08-30 03:19:49 [INFO] scheduled job heartbeat tick 1189
2026-08-30 03:19:50 [INFO] metrics flushed: 1190 series
2026-08-30 03:19:51 [INFO] cache miss for key session:1191, fetched from origin
2026-08-30 03:19:52 [INFO] cache miss for key session:1192, fetched from origin
2026-08-30 03:19:53 [INFO] cache hit for key session:1193
2026-08-30 03:19:54 [INFO] cache hit for key session:1194
2026-08-30 03:19:55 [INFO] cache hit for key session:1195
2026-08-30 03:19:56 [INFO] metrics flushed: 1196 series
2026-08-30 03:19:57 [INFO] cache miss for key session:1197, fetched from origin
2026-08-30 03:19:58 [INFO] scheduled job heartbeat tick 1198
2026-08-30 03:19:59 [INFO] cache hit for key session:1199
2026-08-30 03:20:00 [INFO] cache hit for key session:1200
2026-08-30 03:20:01 [INFO] cache hit for key session:1201
2026-08-30 03:20:02 [INFO] metrics flushed: 1202 series
2026-08-30 03:20:03 [INFO] scheduled job heartbeat tick 1203
2026-08-30 03:20:04 [INFO] cache miss for key session:1204, fetched from origin
2026-08-30 03:20:05 [INFO] cache hit for key session:1205
2026-08-30 03:20:06 [INFO] cache miss for key session:1206, fetched from origin
2026-08-30 03:20:07 [INFO] cache hit for key session:1207
2026-08-30 03:20:08 [INFO] scheduled job heartbeat tick 1208
2026-08-30 03:20:09 [INFO] scheduled job heartbeat tick 1209
2026-08-30 03:20:10 [INFO] scheduled job heartbeat tick 1210
2026-08-30 03:20:11 [INFO] cache hit for key session:1211
2026-08-30 03:20:12 [INFO] scheduled job heartbeat tick 1212
2026-08-30 03:20:13 [INFO] metrics flushed: 1213 series
2026-08-30 03:20:14 [INFO] metrics flushed: 1214 series
2026-08-30 03:20:15 [INFO] cache hit for key session:1215
2026-08-30 03:20:16 [INFO] cache hit for key session:1216
2026-08-30 03:20:17 [INFO] scheduled job heartbeat tick 1217
2026-08-30 03:20:18 [INFO] metrics flushed: 1218 series
2026-08-30 03:20:19 [INFO] cache miss for key session:1219, fetched from origin
2026-08-30 03:20:20 [INFO] scheduled job heartbeat tick 1220
2026-08-30 03:20:21 [INFO] metrics flushed: 1221 series
2026-08-30 03:20:22 [INFO] cache miss for key session:1222, fetched from origin
2026-08-30 03:20:23 [INFO] cache hit for key session:1223
2026-08-30 03:20:24 [INFO] scheduled job heartbeat tick 1224
2026-08-30 03:20:25 [INFO] cache hit for key session:1225
2026-08-30 03:20:26 [INFO] scheduled job heartbeat tick 1226
2026-08-30 03:20:27 [INFO] scheduled job heartbeat tick 1227
2026-08-30 03:20:28 [INFO] scheduled job heartbeat tick 1228
2026-08-30 03:20:29 [INFO] cache miss for key session:1229, fetched from origin
2026-08-30 03:20:30 [INFO] cache miss for key session:1230, fetched from origin
2026-08-30 03:20:31 [INFO] cache hit for key session:1231
2026-08-30 03:20:32 [INFO] scheduled job heartbeat tick 1232
2026-08-30 03:20:33 [INFO] cache hit for key session:1233
2026-08-30 03:20:34 [INFO] metrics flushed: 1234 series
2026-08-30 03:20:35 [INFO] cache miss for key session:1235, fetched from origin
2026-08-30 03:20:36 [INFO] cache miss for key session:1236, fetched from origin
2026-08-30 03:20:37 [INFO] cache miss for key session:1237, fetched from origin
2026-08-30 03:20:38 [INFO] metrics flushed: 1238 series
2026-08-30 03:20:39 [INFO] scheduled job heartbeat tick 1239
2026-08-30 03:20:40 [INFO] cache hit for key session:1240
2026-08-30 03:20:41 [INFO] cache miss for key session:1241, fetched from origin
2026-08-30 03:20:42 [INFO] cache hit for key session:1242
2026-08-30 03:20:43 [INFO] metrics flushed: 1243 series
2026-08-30 03:20:44 [INFO] scheduled job heartbeat tick 1244
2026-08-30 03:20:45 [INFO] cache hit for key session:1245
2026-08-30 03:20:46 [INFO] metrics flushed: 1246 series
2026-08-30 03:20:47 [INFO] cache hit for key session:1247
2026-08-30 03:20:48 [INFO] cache miss for key session:1248, fetched from origin
2026-08-30 03:20:49 [INFO] scheduled job heartbeat tick 1249
2026-08-30 03:20:50 [INFO] metrics flushed: 1250 series
2026-08-30 03:20:51 [INFO] metrics flushed: 1251 series
2026-08-30 03:20:52 [INFO] scheduled job heartbeat tick 1252
2026-08-30 03:20:53 [INFO] scheduled job heartbeat tick 1253
2026-08-30 03:20:54 [INFO] scheduled job heartbeat tick 1254
2026-08-30 03:20:55 [INFO] metrics flushed: 1255 series
2026-08-30 03:20:56 [INFO] scheduled job heartbeat tick 1256
2026-08-30 03:20:57 [INFO] cache miss for key session:1257, fetched from origin
2026-08-30 03:20:58 [INFO] metrics flushed: 1258 series
2026-08-30 03:20:59 [INFO] cache hit for key session:1259
2026-08-30 03:21:00 [INFO] scheduled job heartbeat tick 1260
2026-08-30 03:21:01 [INFO] metrics flushed: 1261 series
2026-08-30 03:21:02 [INFO] cache miss for key session:1262, fetched from origin
2026-08-30 03:21:03 [INFO] cache hit for key session:1263
2026-08-30 03:21:04 [INFO] metrics flushed: 1264 series
2026-08-30 03:21:05 [INFO] cache hit for key session:1265
2026-08-30 03:21:06 [INFO] scheduled job heartbeat tick 1266
2026-08-30 03:21:07 [INFO] scheduled job heartbeat tick 1267
2026-08-30 03:21:08 [INFO] cache miss for key session:1268, fetched from origin
2026-08-30 03:21:09 [INFO] cache miss for key session:1269, fetched from origin
2026-08-30 03:21:10 [INFO] cache miss for key session:1270, fetched from origin
2026-08-30 03:21:11 [INFO] scheduled job heartbeat tick 1271
2026-08-30 03:21:12 [INFO] cache hit for key session:1272
2026-08-30 03:21:13 [INFO] metrics flushed: 1273 series
2026-08-30 03:21:14 [INFO] scheduled job heartbeat tick 1274
2026-08-30 03:21:15 [INFO] metrics flushed: 1275 series
2026-08-30 03:21:16 [INFO] scheduled job heartbeat tick 1276
2026-08-30 03:21:17 [INFO] cache hit for key session:1277
2026-08-30 03:21:18 [INFO] cache hit for key session:1278
2026-08-30 03:21:19 [INFO] cache miss for key session:1279, fetched from origin
2026-08-30 03:21:20 [INFO] scheduled job heartbeat tick 1280
2026-08-30 03:21:21 [INFO] cache miss for key session:1281, fetched from origin
2026-08-30 03:21:22 [INFO] cache miss for key session:1282, fetched from origin
2026-08-30 03:21:23 [INFO] cache miss for key session:1283, fetched from origin
2026-08-30 03:21:24 [INFO] scheduled job heartbeat tick 1284
2026-08-30 03:21:25 [INFO] cache miss for key session:1285, fetched from origin
2026-08-30 03:21:26 [INFO] cache hit for key session:1286
2026-08-30 03:21:27 [INFO] cache miss for key session:1287, fetched from origin
2026-08-30 03:21:28 [INFO] scheduled job heartbeat tick 1288
2026-08-30 03:21:29 [INFO] cache hit for key session:1289
2026-08-30 03:21:30 [INFO] cache miss for key session:1290, fetched from origin
2026-08-30 03:21:31 [INFO] metrics flushed: 1291 series
2026-08-30 03:21:32 [INFO] cache hit for key session:1292
2026-08-30 03:21:33 [INFO] scheduled job heartbeat tick 1293
2026-08-30 03:21:34 [INFO] metrics flushed: 1294 series
2026-08-30 03:21:35 [INFO] scheduled job heartbeat tick 1295
2026-08-30 03:21:36 [INFO] scheduled job heartbeat tick 1296
2026-08-30 03:21:37 [INFO] scheduled job heartbeat tick 1297
2026-08-30 03:21:38 [INFO] metrics flushed: 1298 series
2026-08-30 03:21:39 [INFO] scheduled job heartbeat tick 1299
2026-08-30 03:21:40 [INFO] scheduled job heartbeat tick 1300
2026-08-30 03:21:41 [INFO] cache hit for key session:1301
2026-08-30 03:21:42 [INFO] cache hit for key session:1302
2026-08-30 03:21:43 [INFO] cache hit for key session:1303
2026-08-30 03:21:44 [INFO] cache hit for key session:1304
2026-08-30 03:21:45 [INFO] scheduled job heartbeat tick 1305
2026-08-30 03:21:46 [INFO] scheduled job heartbeat tick 1306
2026-08-30 03:21:47 [INFO] cache hit for key session:1307
2026-08-30 03:21:48 [INFO] cache miss for key session:1308, fetched from origin
2026-08-30 03:21:49 [INFO] cache miss for key session:1309, fetched from origin
2026-08-30 03:21:50 [INFO] scheduled job heartbeat tick 1310
2026-08-30 03:21:51 [INFO] metrics flushed: 1311 series
2026-08-30 03:21:52 [INFO] metrics flushed: 1312 series
2026-08-30 03:21:53 [INFO] scheduled job heartbeat tick 1313
2026-08-30 03:21:54 [INFO] cache miss for key session:1314, fetched from origin
2026-08-30 03:21:55 [INFO] metrics flushed: 1315 series
2026-08-30 03:21:56 [INFO] cache miss for key session:1316, fetched from origin
2026-08-30 03:21:57 [INFO] cache miss for key session:1317, fetched from origin
2026-08-30 03:21:58 [INFO] scheduled job heartbeat tick 1318
2026-08-30 03:21:59 [INFO] metrics flushed: 1319 series
2026-08-30 03:22:00 [INFO] cache hit for key session:1320
2026-08-30 03:22:01 [INFO] cache miss for key session:1321, fetched from origin
2026-08-30 03:22:02 [INFO] scheduled job heartbeat tick 1322
2026-08-30 03:22:03 [INFO] scheduled job heartbeat tick 1323
2026-08-30 03:22:04 [INFO] cache hit for key session:1324
2026-08-30 03:22:05 [INFO] scheduled job heartbeat tick 1325
2026-08-30 03:22:06 [INFO] cache miss for key session:1326, fetched from origin
2026-08-30 03:22:07 [INFO] metrics flushed: 1327 series
2026-08-30 03:22:08 [INFO] metrics flushed: 1328 series
2026-08-30 03:22:09 [INFO] scheduled job heartbeat tick 1329
2026-08-30 03:22:10 [INFO] metrics flushed: 1330 series
2026-08-30 03:22:11 [INFO] metrics flushed: 1331 series
2026-08-30 03:22:12 [INFO] scheduled job heartbeat tick 1332
2026-08-30 03:22:13 [INFO] cache miss for key session:1333, fetched from origin
2026-08-30 03:22:14 [INFO] scheduled job heartbeat tick 1334
2026-08-30 03:22:15 [INFO] metrics flushed: 1335 series
2026-08-30 03:22:16 [INFO] cache hit for key session:1336
2026-08-30 03:22:17 [INFO] scheduled job heartbeat tick 1337
2026-08-30 03:22:18 [INFO] cache hit for key session:1338
2026-08-30 03:22:19 [INFO] cache miss for key session:1339, fetched from origin
2026-08-30 03:22:20 [INFO] cache miss for key session:1340, fetched from origin
2026-08-30 03:22:21 [INFO] cache hit for key session:1341
2026-08-30 03:22:22 [INFO] metrics flushed: 1342 series
2026-08-30 03:22:23 [INFO] cache miss for key session:1343, fetched from origin
2026-08-30 03:22:24 [INFO] cache miss for key session:1344, fetched from origin
2026-08-30 03:22:25 [INFO] metrics flushed: 1345 series
2026-08-30 03:22:26 [INFO] cache hit for key session:1346
2026-08-30 03:22:27 [INFO] cache miss for key session:1347, fetched from origin
2026-08-30 03:22:28 [INFO] metrics flushed: 1348 series
2026-08-30 03:22:29 [INFO] cache miss for key session:1349, fetched from origin
2026-08-30 03:22:30 [INFO] scheduled job heartbeat tick 1350
2026-08-30 03:22:31 [INFO] cache hit for key session:1351
2026-08-30 03:22:32 [INFO] scheduled job heartbeat tick 1352
2026-08-30 03:22:33 [INFO] cache hit for key session:1353
2026-08-30 03:22:34 [INFO] scheduled job heartbeat tick 1354
2026-08-30 03:22:35 [INFO] scheduled job heartbeat tick 1355
2026-08-30 03:22:36 [INFO] metrics flushed: 1356 series
2026-08-30 03:22:37 [INFO] cache miss for key session:1357, fetched from origin
2026-08-30 03:22:38 [INFO] cache hit for key session:1358
2026-08-30 03:22:39 [INFO] cache miss for key session:1359, fetched from origin
2026-08-30 03:22:40 [INFO] cache hit for key session:1360
2026-08-30 03:22:41 [INFO] scheduled job heartbeat tick 1361
2026-08-30 03:22:42 [INFO] cache miss for key session:1362, fetched from origin
2026-08-30 03:22:43 [INFO] scheduled job heartbeat tick 1363
2026-08-30 03:22:44 [INFO] cache miss for key session:1364, fetched from origin
2026-08-30 03:22:45 [INFO] scheduled job heartbeat tick 1365
2026-08-30 03:22:46 [INFO] cache hit for key session:1366
2026-08-30 03:22:47 [INFO] cache hit for key session:1367
2026-08-30 03:22:48 [INFO] scheduled job heartbeat tick 1368
2026-08-30 03:22:49 [INFO] cache miss for key session:1369, fetched from origin
2026-08-30 03:22:50 [INFO] cache hit for key session:1370
2026-08-30 03:22:51 [INFO] metrics flushed: 1371 series
2026-08-30 03:22:52 [INFO] cache hit for key session:1372
2026-08-30 03:22:53 [INFO] scheduled job heartbeat tick 1373
2026-08-30 03:22:54 [INFO] scheduled job heartbeat tick 1374
2026-08-30 03:22:55 [INFO] scheduled job heartbeat tick 1375
2026-08-30 03:22:56 [INFO] cache hit for key session:1376
2026-08-30 03:22:57 [INFO] cache miss for key session:1377, fetched from origin
2026-08-30 03:22:58 [INFO] metrics flushed: 1378 series
2026-08-30 03:22:59 [INFO] scheduled job heartbeat tick 1379
2026-08-30 03:23:00 [INFO] scheduled job heartbeat tick 1380
2026-08-30 03:23:01 [INFO] cache hit for key session:1381
2026-08-30 03:23:02 [INFO] metrics flushed: 1382 series
2026-08-30 03:23:03 [INFO] cache miss for key session:1383, fetched from origin
2026-08-30 03:23:04 [INFO] metrics flushed: 1384 series
2026-08-30 03:23:05 [INFO] cache miss for key session:1385, fetched from origin
2026-08-30 03:23:06 [INFO] scheduled job heartbeat tick 1386
2026-08-30 03:23:07 [INFO] cache hit for key session:1387
2026-08-30 03:23:08 [INFO] cache miss for key session:1388, fetched from origin
2026-08-30 03:23:09 [INFO] cache hit for key session:1389
2026-08-30 03:23:10 [INFO] metrics flushed: 1390 series
2026-08-30 03:23:11 [INFO] cache hit for key session:1391
2026-08-30 03:23:12 [INFO] cache miss for key session:1392, fetched from origin
2026-08-30 03:23:13 [INFO] metrics flushed: 1393 series
2026-08-30 03:23:14 [INFO] metrics flushed: 1394 series
2026-08-30 03:23:15 [INFO] cache miss for key session:1395, fetched from origin
2026-08-30 03:23:16 [INFO] metrics flushed: 1396 series
2026-08-30 03:23:17 [INFO] metrics flushed: 1397 series
2026-08-30 03:23:18 [INFO] scheduled job heartbeat tick 1398
2026-08-30 03:23:19 [INFO] cache miss for key session:1399, fetched from origin
2026-08-30 03:23:20 [INFO] cache hit for key session:1400
2026-08-30 03:23:21 [INFO] metrics flushed: 1401 series
2026-08-30 03:23:22 [INFO] metrics flushed: 1402 series
2026-08-30 03:23:23 [INFO] scheduled job heartbeat tick 1403
2026-08-30 03:23:24 [INFO] scheduled job heartbeat tick 1404
2026-08-30 03:23:25 [INFO] cache miss for key session:1405, fetched from origin
2026-08-30 03:23:26 [INFO] cache hit for key session:1406
2026-08-30 03:23:27 [INFO] cache hit for key session:1407
2026-08-30 03:23:28 [INFO] cache hit for key session:1408
2026-08-30 03:23:29 [INFO] cache hit for key session:1409
2026-08-30 03:23:30 [INFO] metrics flushed: 1410 series
2026-08-30 03:23:31 [INFO] cache miss for key session:1411, fetched from origin
2026-08-30 03:23:32 [INFO] scheduled job heartbeat tick 1412
2026-08-30 03:23:33 [INFO] cache miss for key session:1413, fetched from origin
2026-08-30 03:23:34 [INFO] metrics flushed: 1414 series
2026-08-30 03:23:35 [INFO] cache hit for key session:1415
2026-08-30 03:23:36 [INFO] cache miss for key session:1416, fetched from origin
2026-08-30 03:23:37 [INFO] cache miss for key session:1417, fetched from origin
2026-08-30 03:23:38 [INFO] scheduled job heartbeat tick 1418
2026-08-30 03:23:39 [INFO] cache miss for key session:1419, fetched from origin
2026-08-30 03:23:40 [INFO] metrics flushed: 1420 series
2026-08-30 03:23:41 [INFO] cache hit for key session:1421
2026-08-30 03:23:42 [INFO] cache miss for key session:1422, fetched from origin
2026-08-30 03:23:43 [INFO] cache miss for key session:1423, fetched from origin
2026-08-30 03:23:44 [INFO] scheduled job heartbeat tick 1424
2026-08-30 03:23:45 [INFO] metrics flushed: 1425 series
2026-08-30 03:23:46 [INFO] cache hit for key session:1426
2026-08-30 03:23:47 [INFO] cache miss for key session:1427, fetched from origin
2026-08-30 03:23:48 [INFO] metrics flushed: 1428 series
2026-08-30 03:23:49 [INFO] cache hit for key session:1429
2026-08-30 03:23:50 [INFO] cache miss for key session:1430, fetched from origin
2026-08-30 03:23:51 [INFO] cache hit for key session:1431
2026-08-30 03:23:52 [INFO] scheduled job heartbeat tick 1432
2026-08-30 03:23:53 [INFO] scheduled job heartbeat tick 1433
2026-08-30 03:23:54 [INFO] cache miss for key session:1434, fetched from origin
2026-08-30 03:23:55 [INFO] cache hit for key session:1435
2026-08-30 03:23:56 [INFO] scheduled job heartbeat tick 1436
2026-08-30 03:23:57 [INFO] scheduled job heartbeat tick 1437
2026-08-30 03:23:58 [INFO] scheduled job heartbeat tick 1438
2026-08-30 03:23:59 [INFO] metrics flushed: 1439 series
2026-08-30 03:24:00 [INFO] cache hit for key session:1440
2026-08-30 03:24:01 [INFO] metrics flushed: 1441 series
2026-08-30 03:24:02 [INFO] cache miss for key session:1442, fetched from origin
2026-08-30 03:24:03 [INFO] cache hit for key session:1443
2026-08-30 03:24:04 [INFO] cache hit for key session:1444
2026-08-30 03:24:05 [INFO] scheduled job heartbeat tick 1445
2026-08-30 03:24:06 [INFO] metrics flushed: 1446 series
2026-08-30 03:24:07 [INFO] scheduled job heartbeat tick 1447
2026-08-30 03:24:08 [INFO] cache miss for key session:1448, fetched from origin
2026-08-30 03:24:09 [INFO] metrics flushed: 1449 series
2026-08-30 03:24:10 [INFO] metrics flushed: 1450 series
2026-08-30 03:24:11 [INFO] cache hit for key session:1451
2026-08-30 03:24:12 [INFO] cache hit for key session:1452
2026-08-30 03:24:13 [INFO] metrics flushed: 1453 series
2026-08-30 03:24:14 [INFO] cache miss for key session:1454, fetched from origin
2026-08-30 03:24:15 [INFO] cache miss for key session:1455, fetched from origin
2026-08-30 03:24:16 [INFO] cache miss for key session:1456, fetched from origin
2026-08-30 03:24:17 [INFO] scheduled job heartbeat tick 1457
2026-08-30 03:24:18 [INFO] cache miss for key session:1458, fetched from origin
2026-08-30 03:24:19 [INFO] cache hit for key session:1459
2026-08-30 03:24:20 [INFO] metrics flushed: 1460 series
2026-08-30 03:24:21 [INFO] cache hit for key session:1461
2026-08-30 03:24:22 [INFO] cache hit for key session:1462
2026-08-30 03:24:23 [INFO] metrics flushed: 1463 series
2026-08-30 03:24:24 [INFO] scheduled job heartbeat tick 1464
2026-08-30 03:24:25 [INFO] metrics flushed: 1465 series
2026-08-30 03:24:26 [INFO] metrics flushed: 1466 series
2026-08-30 03:24:27 [INFO] metrics flushed: 1467 series
2026-08-30 03:24:28 [INFO] scheduled job heartbeat tick 1468
2026-08-30 03:24:29 [INFO] scheduled job heartbeat tick 1469
2026-08-30 03:24:30 [INFO] cache hit for key session:1470
2026-08-30 03:24:31 [INFO] metrics flushed: 1471 series
2026-08-30 03:24:32 [INFO] cache hit for key session:1472
2026-08-30 03:24:33 [INFO] scheduled job heartbeat tick 1473
2026-08-30 03:24:34 [INFO] scheduled job heartbeat tick 1474
2026-08-30 03:24:35 [INFO] cache hit for key session:1475
2026-08-30 03:24:36 [INFO] metrics flushed: 1476 series
2026-08-30 03:24:37 [INFO] scheduled job heartbeat tick 1477
2026-08-30 03:24:38 [INFO] cache miss for key session:1478, fetched from origin
2026-08-30 03:24:39 [INFO] scheduled job heartbeat tick 1479
2026-08-30 03:24:40 [INFO] cache hit for key session:1480
2026-08-30 03:24:41 [INFO] scheduled job heartbeat tick 1481
2026-08-30 03:24:42 [INFO] cache miss for key session:1482, fetched from origin
2026-08-30 03:24:43 [INFO] cache miss for key session:1483, fetched from origin
2026-08-30 03:24:44 [INFO] cache miss for key session:1484, fetched from origin
2026-08-30 03:24:45 [INFO] scheduled job heartbeat tick 1485
2026-08-30 03:24:46 [INFO] cache hit for key session:1486
2026-08-30 03:24:47 [INFO] cache miss for key session:1487, fetched from origin
2026-08-30 03:24:48 [INFO] cache hit for key session:1488
2026-08-30 03:24:49 [INFO] scheduled job heartbeat tick 1489
2026-08-30 03:24:50 [INFO] scheduled job heartbeat tick 1490
2026-08-30 03:24:51 [INFO] scheduled job heartbeat tick 1491
2026-08-30 03:24:52 [INFO] cache miss for key session:1492, fetched from origin
2026-08-30 03:24:53 [INFO] scheduled job heartbeat tick 1493
2026-08-30 03:24:54 [INFO] cache hit for key session:1494
2026-08-30 03:24:55 [INFO] metrics flushed: 1495 series
2026-08-30 03:24:56 [INFO] cache miss for key session:1496, fetched from origin
2026-08-30 03:24:57 [INFO] cache miss for key session:1497, fetched from origin
2026-08-30 03:24:58 [INFO] scheduled job heartbeat tick 1498
2026-08-30 03:24:59 [INFO] cache miss for key session:1499, fetched from origin
2026-08-30 03:25:00 [INFO] scheduled job heartbeat tick 1500
2026-08-30 03:25:01 [INFO] scheduled job heartbeat tick 1501
2026-08-30 03:25:02 [INFO] cache hit for key session:1502
2026-08-30 03:25:03 [INFO] metrics flushed: 1503 series
2026-08-30 03:25:04 [INFO] cache miss for key session:1504, fetched from origin
2026-08-30 03:25:05 [INFO] scheduled job heartbeat tick 1505
2026-08-30 03:25:06 [INFO] scheduled job heartbeat tick 1506
2026-08-30 03:25:07 [INFO] scheduled job heartbeat tick 1507
2026-08-30 03:25:08 [INFO] cache hit for key session:1508
2026-08-30 03:25:09 [INFO] cache miss for key session:1509, fetched from origin
2026-08-30 03:25:10 [INFO] scheduled job heartbeat tick 1510
2026-08-30 03:25:11 [INFO] scheduled job heartbeat tick 1511
2026-08-30 03:25:12 [INFO] metrics flushed: 1512 series
2026-08-30 03:25:13 [INFO] scheduled job heartbeat tick 1513
2026-08-30 03:25:14 [INFO] metrics flushed: 1514 series
2026-08-30 03:25:15 [INFO] scheduled job heartbeat tick 1515
2026-08-30 03:25:16 [INFO] cache hit for key session:1516
2026-08-30 03:25:17 [INFO] scheduled job heartbeat tick 1517
2026-08-30 03:25:18 [INFO] metrics flushed: 1518 series
2026-08-30 03:25:19 [INFO] scheduled job heartbeat tick 1519
2026-08-30 03:25:20 [INFO] cache hit for key session:1520
2026-08-30 03:25:21 [INFO] cache miss for key session:1521, fetched from origin
2026-08-30 03:25:22 [INFO] metrics flushed: 1522 series
2026-08-30 03:25:23 [INFO] scheduled job heartbeat tick 1523
2026-08-30 03:25:24 [INFO] metrics flushed: 1524 series
2026-08-30 03:25:25 [INFO] scheduled job heartbeat tick 1525
2026-08-30 03:25:26 [INFO] scheduled job heartbeat tick 1526
2026-08-30 03:25:27 [INFO] cache miss for key session:1527, fetched from origin
2026-08-30 03:25:28 [INFO] cache hit for key session:1528
2026-08-30 03:25:29 [INFO] cache miss for key session:1529, fetched from origin
2026-08-30 03:25:30 [INFO] cache hit for key session:1530
2026-08-30 03:25:31 [INFO] cache hit for key session:1531
2026-08-30 03:25:32 [INFO] scheduled job heartbeat tick 1532
2026-08-30 03:25:33 [INFO] scheduled job heartbeat tick 1533
2026-08-30 03:25:34 [INFO] scheduled job heartbeat tick 1534
2026-08-30 03:25:35 [INFO] metrics flushed: 1535 series
2026-08-30 03:25:36 [INFO] metrics flushed: 1536 series
2026-08-30 03:25:37 [INFO] scheduled job heartbeat tick 1537
2026-08-30 03:25:38 [INFO] scheduled job heartbeat tick 1538
2026-08-30 03:25:39 [INFO] scheduled job heartbeat tick 1539
2026-08-30 03:25:40 [INFO] metrics flushed: 1540 series
2026-08-30 03:25:41 [INFO] scheduled job heartbeat tick 1541
2026-08-30 03:25:42 [INFO] cache miss for key session:1542, fetched from origin
2026-08-30 03:25:43 [INFO] metrics flushed: 1543 series
2026-08-30 03:25:44 [INFO] metrics flushed: 1544 series
2026-08-30 03:25:45 [INFO] scheduled job heartbeat tick 1545
2026-08-30 03:25:46 [INFO] cache miss for key session:1546, fetched from origin
2026-08-30 03:25:47 [INFO] scheduled job heartbeat tick 1547
2026-08-30 03:25:48 [INFO] cache hit for key session:1548
2026-08-30 03:25:49 [INFO] metrics flushed: 1549 series
2026-08-30 03:25:50 [INFO] cache miss for key session:1550, fetched from origin
2026-08-30 03:25:51 [INFO] metrics flushed: 1551 series
2026-08-30 03:25:52 [INFO] metrics flushed: 1552 series
2026-08-30 03:25:53 [INFO] scheduled job heartbeat tick 1553
2026-08-30 03:25:54 [INFO] scheduled job heartbeat tick 1554
2026-08-30 03:25:55 [INFO] cache hit for key session:1555
2026-08-30 03:25:56 [INFO] cache miss for key session:1556, fetched from origin
2026-08-30 03:25:57 [INFO] metrics flushed: 1557 series
2026-08-30 03:25:58 [INFO] metrics flushed: 1558 series
2026-08-30 03:25:59 [INFO] cache hit for key session:1559
2026-08-30 03:26:00 [INFO] cache miss for key session:1560, fetched from origin
2026-08-30 03:26:01 [INFO] cache hit for key session:1561
2026-08-30 03:26:02 [INFO] cache hit for key session:1562
2026-08-30 03:26:03 [INFO] cache hit for key session:1563
2026-08-30 03:26:04 [INFO] metrics flushed: 1564 series
2026-08-30 03:26:05 [INFO] metrics flushed: 1565 series
2026-08-30 03:26:06 [INFO] metrics flushed: 1566 series
2026-08-30 03:26:07 [INFO] scheduled job heartbeat tick 1567
2026-08-30 03:26:08 [INFO] scheduled job heartbeat tick 1568
2026-08-30 03:26:09 [INFO] cache miss for key session:1569, fetched from origin
2026-08-30 03:26:10 [INFO] metrics flushed: 1570 series
2026-08-30 03:26:11 [INFO] scheduled job heartbeat tick 1571
2026-08-30 03:26:12 [INFO] cache miss for key session:1572, fetched from origin
2026-08-30 03:26:13 [INFO] cache hit for key session:1573
2026-08-30 03:26:14 [INFO] metrics flushed: 1574 series
2026-08-30 03:26:15 [INFO] cache miss for key session:1575, fetched from origin
2026-08-30 03:26:16 [INFO] metrics flushed: 1576 series
2026-08-30 03:26:17 [INFO] scheduled job heartbeat tick 1577
2026-08-30 03:26:18 [INFO] scheduled job heartbeat tick 1578
2026-08-30 03:26:19 [INFO] metrics flushed: 1579 series
2026-08-30 03:26:20 [INFO] cache hit for key session:1580
2026-08-30 03:26:21 [INFO] scheduled job heartbeat tick 1581
2026-08-30 03:26:22 [INFO] cache hit for key session:1582
2026-08-30 03:26:23 [INFO] cache miss for key session:1583, fetched from origin
2026-08-30 03:26:24 [INFO] cache hit for key session:1584
2026-08-30 03:26:25 [INFO] metrics flushed: 1585 series
2026-08-30 03:26:26 [INFO] metrics flushed: 1586 series
2026-08-30 03:26:27 [INFO] metrics flushed: 1587 series
2026-08-30 03:26:28 [INFO] cache miss for key session:1588, fetched from origin
2026-08-30 03:26:29 [INFO] scheduled job heartbeat tick 1589
2026-08-30 03:26:30 [INFO] scheduled job heartbeat tick 1590
2026-08-30 03:26:31 [INFO] scheduled job heartbeat tick 1591
2026-08-30 03:26:32 [INFO] cache hit for key session:1592
2026-08-30 03:26:33 [INFO] cache hit for key session:1593
2026-08-30 03:26:34 [INFO] cache miss for key session:1594, fetched from origin
2026-08-30 03:26:35 [INFO] cache miss for key session:1595, fetched from origin
2026-08-30 03:26:36 [INFO] cache hit for key session:1596
2026-08-30 03:26:37 [INFO] cache miss for key session:1597, fetched from origin
2026-08-30 03:26:38 [INFO] cache hit for key session:1598
2026-08-30 03:26:39 [INFO] cache hit for key session:1599
2026-08-30 03:26:40 [INFO] metrics flushed: 1600 series
2026-08-30 03:26:41 [INFO] scheduled job heartbeat tick 1601
2026-08-30 03:26:42 [INFO] scheduled job heartbeat tick 1602
2026-08-30 03:26:43 [INFO] cache hit for key session:1603
2026-08-30 03:26:44 [INFO] cache hit for key session:1604
2026-08-30 03:26:45 [INFO] scheduled job heartbeat tick 1605
2026-08-30 03:26:46 [INFO] cache hit for key session:1606
2026-08-30 03:26:47 [INFO] cache miss for key session:1607, fetched from origin
2026-08-30 03:26:48 [INFO] cache miss for key session:1608, fetched from origin
2026-08-30 03:26:49 [INFO] scheduled job heartbeat tick 1609
2026-08-30 03:26:50 [INFO] metrics flushed: 1610 series
2026-08-30 03:26:51 [INFO] scheduled job heartbeat tick 1611
2026-08-30 03:26:52 [INFO] metrics flushed: 1612 series
2026-08-30 03:26:53 [INFO] cache miss for key session:1613, fetched from origin
2026-08-30 03:26:54 [INFO] scheduled job heartbeat tick 1614
2026-08-30 03:26:55 [INFO] cache hit for key session:1615
2026-08-30 03:26:56 [INFO] cache miss for key session:1616, fetched from origin
2026-08-30 03:26:57 [INFO] scheduled job heartbeat tick 1617
2026-08-30 03:26:58 [INFO] cache hit for key session:1618
2026-08-30 03:26:59 [INFO] cache miss for key session:1619, fetched from origin
2026-08-30 03:27:00 [INFO] cache miss for key session:1620, fetched from origin
2026-08-30 03:27:01 [INFO] cache miss for key session:1621, fetched from origin
2026-08-30 03:27:02 [INFO] metrics flushed: 1622 series
2026-08-30 03:27:03 [INFO] scheduled job heartbeat tick 1623
2026-08-30 03:27:04 [INFO] cache hit for key session:1624
2026-08-30 03:27:05 [INFO] metrics flushed: 1625 series
2026-08-30 03:27:06 [INFO] scheduled job heartbeat tick 1626
2026-08-30 03:27:07 [INFO] cache miss for key session:1627, fetched from origin
2026-08-30 03:27:08 [INFO] cache hit for key session:1628
2026-08-30 03:27:09 [INFO] cache miss for key session:1629, fetched from origin
2026-08-30 03:27:10 [INFO] cache hit for key session:1630
2026-08-30 03:27:11 [INFO] metrics flushed: 1631 series
2026-08-30 03:27:12 [INFO] cache hit for key session:1632
2026-08-30 03:27:13 [INFO] metrics flushed: 1633 series
2026-08-30 03:27:14 [INFO] scheduled job heartbeat tick 1634
2026-08-30 03:27:15 [INFO] scheduled job heartbeat tick 1635
2026-08-30 03:27:16 [INFO] cache miss for key session:1636, fetched from origin
2026-08-30 03:27:17 [INFO] cache hit for key session:1637
2026-08-30 03:27:18 [INFO] cache hit for key session:1638
2026-08-30 03:27:19 [INFO] cache miss for key session:1639, fetched from origin
2026-08-30 03:27:20 [INFO] metrics flushed: 1640 series
2026-08-30 03:27:21 [INFO] metrics flushed: 1641 series
2026-08-30 03:27:22 [INFO] metrics flushed: 1642 series
2026-08-30 03:27:23 [INFO] cache hit for key session:1643
2026-08-30 03:27:24 [INFO] cache hit for key session:1644
2026-08-30 03:27:25 [INFO] scheduled job heartbeat tick 1645
2026-08-30 03:27:26 [INFO] cache hit for key session:1646
2026-08-30 03:27:27 [INFO] cache miss for key session:1647, fetched from origin
2026-08-30 03:27:28 [INFO] scheduled job heartbeat tick 1648
2026-08-30 03:27:29 [INFO] cache hit for key session:1649
2026-08-30 03:27:30 [INFO] cache hit for key session:1650
2026-08-30 03:27:31 [INFO] cache miss for key session:1651, fetched from origin
2026-08-30 03:27:32 [INFO] cache miss for key session:1652, fetched from origin
2026-08-30 03:27:33 [INFO] cache hit for key session:1653
2026-08-30 03:27:34 [INFO] cache miss for key session:1654, fetched from origin
2026-08-30 03:27:35 [INFO] cache hit for key session:1655
2026-08-30 03:27:36 [INFO] metrics flushed: 1656 series
2026-08-30 03:27:37 [INFO] cache hit for key session:1657
2026-08-30 03:27:38 [INFO] cache hit for key session:1658
2026-08-30 03:27:39 [INFO] metrics flushed: 1659 series
2026-08-30 03:27:40 [INFO] cache hit for key session:1660
2026-08-30 03:27:41 [INFO] cache hit for key session:1661
2026-08-30 03:27:42 [INFO] metrics flushed: 1662 series
2026-08-30 03:27:43 [INFO] cache hit for key session:1663
2026-08-30 03:27:44 [INFO] cache miss for key session:1664, fetched from origin
2026-08-30 03:27:45 [INFO] metrics flushed: 1665 series
2026-08-30 03:27:46 [INFO] scheduled job heartbeat tick 1666
2026-08-30 03:27:47 [INFO] scheduled job heartbeat tick 1667
2026-08-30 03:27:48 [INFO] cache hit for key session:1668
2026-08-30 03:27:49 [INFO] cache hit for key session:1669
2026-08-30 03:27:50 [INFO] scheduled job heartbeat tick 1670
2026-08-30 03:27:51 [INFO] cache miss for key session:1671, fetched from origin
2026-08-30 03:27:52 [INFO] cache miss for key session:1672, fetched from origin
2026-08-30 03:27:53 [INFO] cache miss for key session:1673, fetched from origin
2026-08-30 03:27:54 [INFO] metrics flushed: 1674 series
2026-08-30 03:27:55 [INFO] metrics flushed: 1675 series
2026-08-30 03:27:56 [INFO] cache miss for key session:1676, fetched from origin
2026-08-30 03:27:57 [INFO] cache miss for key session:1677, fetched from origin
2026-08-30 03:27:58 [INFO] scheduled job heartbeat tick 1678
2026-08-30 03:27:59 [INFO] cache miss for key session:1679, fetched from origin
2026-08-30 03:28:00 [INFO] cache miss for key session:1680, fetched from origin
2026-08-30 03:28:01 [INFO] metrics flushed: 1681 series
2026-08-30 03:28:02 [INFO] scheduled job heartbeat tick 1682
2026-08-30 03:28:03 [INFO] metrics flushed: 1683 series
2026-08-30 03:28:04 [INFO] cache hit for key session:1684
2026-08-30 03:28:05 [INFO] scheduled job heartbeat tick 1685
2026-08-30 03:28:06 [INFO] cache miss for key session:1686, fetched from origin
2026-08-30 03:28:07 [INFO] cache miss for key session:1687, fetched from origin
2026-08-30 03:28:08 [INFO] cache miss for key session:1688, fetched from origin
2026-08-30 03:28:09 [INFO] cache miss for key session:1689, fetched from origin
2026-08-30 03:28:10 [INFO] scheduled job heartbeat tick 1690
2026-08-30 03:28:11 [INFO] cache miss for key session:1691, fetched from origin
2026-08-30 03:28:12 [INFO] cache hit for key session:1692
2026-08-30 03:28:13 [INFO] cache hit for key session:1693
2026-08-30 03:28:14 [INFO] cache miss for key session:1694, fetched from origin
2026-08-30 03:28:15 [INFO] scheduled job heartbeat tick 1695
2026-08-30 03:28:16 [INFO] scheduled job heartbeat tick 1696
2026-08-30 03:28:17 [INFO] metrics flushed: 1697 series
2026-08-30 03:28:18 [INFO] cache miss for key session:1698, fetched from origin
2026-08-30 03:28:19 [INFO] cache hit for key session:1699
2026-08-30 03:28:20 [INFO] metrics flushed: 1700 series
2026-08-30 03:28:21 [INFO] cache miss for key session:1701, fetched from origin
2026-08-30 03:28:22 [INFO] metrics flushed: 1702 series
2026-08-30 03:28:23 [INFO] metrics flushed: 1703 series
2026-08-30 03:28:24 [INFO] metrics flushed: 1704 series
2026-08-30 03:28:25 [INFO] scheduled job heartbeat tick 1705
2026-08-30 03:28:26 [INFO] cache miss for key session:1706, fetched from origin
2026-08-30 03:28:27 [INFO] cache miss for key session:1707, fetched from origin
2026-08-30 03:28:28 [INFO] cache miss for key session:1708, fetched from origin
2026-08-30 03:28:29 [INFO] metrics flushed: 1709 series
2026-08-30 03:28:30 [INFO] metrics flushed: 1710 series
2026-08-30 03:28:31 [INFO] cache hit for key session:1711
2026-08-30 03:28:32 [INFO] cache miss for key session:1712, fetched from origin
2026-08-30 03:28:33 [INFO] cache miss for key session:1713, fetched from origin
2026-08-30 03:28:34 [INFO] cache miss for key session:1714, fetched from origin
2026-08-30 03:28:35 [INFO] cache hit for key session:1715
2026-08-30 03:28:36 [INFO] cache hit for key session:1716
2026-08-30 03:28:37 [INFO] scheduled job heartbeat tick 1717
2026-08-30 03:28:38 [INFO] cache hit for key session:1718
2026-08-30 03:28:39 [INFO] scheduled job heartbeat tick 1719
2026-08-30 03:28:40 [INFO] cache hit for key session:1720
2026-08-30 03:28:41 [INFO] scheduled job heartbeat tick 1721
2026-08-30 03:28:42 [INFO] scheduled job heartbeat tick 1722
2026-08-30 03:28:43 [INFO] scheduled job heartbeat tick 1723
2026-08-30 03:28:44 [INFO] cache hit for key session:1724
2026-08-30 03:28:45 [INFO] metrics flushed: 1725 series
2026-08-30 03:28:46 [INFO] scheduled job heartbeat tick 1726
2026-08-30 03:28:47 [INFO] metrics flushed: 1727 series
2026-08-30 03:28:48 [INFO] cache miss for key session:1728, fetched from origin
2026-08-30 03:28:49 [INFO] scheduled job heartbeat tick 1729
2026-08-30 03:28:50 [INFO] cache miss for key session:1730, fetched from origin
2026-08-30 03:28:51 [INFO] metrics flushed: 1731 series
2026-08-30 03:28:52 [INFO] metrics flushed: 1732 series
2026-08-30 03:28:53 [INFO] cache miss for key session:1733, fetched from origin
2026-08-30 03:28:54 [INFO] cache miss for key session:1734, fetched from origin
2026-08-30 03:28:55 [INFO] cache miss for key session:1735, fetched from origin
2026-08-30 03:28:56 [INFO] scheduled job heartbeat tick 1736
2026-08-30 03:28:57 [INFO] cache miss for key session:1737, fetched from origin
2026-08-30 03:28:58 [INFO] metrics flushed: 1738 series
2026-08-30 03:28:59 [INFO] cache miss for key session:1739, fetched from origin
2026-08-30 03:29:00 [INFO] cache hit for key session:1740
2026-08-30 03:29:01 [INFO] metrics flushed: 1741 series
2026-08-30 03:29:02 [INFO] scheduled job heartbeat tick 1742
2026-08-30 03:29:03 [INFO] scheduled job heartbeat tick 1743
2026-08-30 03:29:04 [INFO] metrics flushed: 1744 series
2026-08-30 03:29:05 [INFO] scheduled job heartbeat tick 1745
2026-08-30 03:29:06 [INFO] cache miss for key session:1746, fetched from origin
2026-08-30 03:29:07 [INFO] metrics flushed: 1747 series
2026-08-30 03:29:08 [INFO] scheduled job heartbeat tick 1748
2026-08-30 03:29:09 [INFO] cache miss for key session:1749, fetched from origin
2026-08-30 03:29:10 [INFO] scheduled job heartbeat tick 1750
2026-08-30 03:29:11 [INFO] cache hit for key session:1751
2026-08-30 03:29:12 [INFO] metrics flushed: 1752 series
2026-08-30 03:29:13 [INFO] metrics flushed: 1753 series
2026-08-30 03:29:14 [INFO] metrics flushed: 1754 series
2026-08-30 03:29:15 [INFO] cache hit for key session:1755
2026-08-30 03:29:16 [INFO] cache hit for key session:1756
2026-08-30 03:29:17 [INFO] metrics flushed: 1757 series
2026-08-30 03:29:18 [INFO] cache miss for key session:1758, fetched from origin
2026-08-30 03:29:19 [INFO] cache hit for key session:1759
2026-08-30 03:29:20 [INFO] metrics flushed: 1760 series
2026-08-30 03:29:21 [INFO] cache miss for key session:1761, fetched from origin
2026-08-30 03:29:22 [INFO] scheduled job heartbeat tick 1762
2026-08-30 03:29:23 [INFO] metrics flushed: 1763 series
2026-08-30 03:29:24 [INFO] metrics flushed: 1764 series
2026-08-30 03:29:25 [INFO] cache miss for key session:1765, fetched from origin
2026-08-30 03:29:26 [INFO] metrics flushed: 1766 series
2026-08-30 03:29:27 [INFO] scheduled job heartbeat tick 1767
2026-08-30 03:29:28 [INFO] scheduled job heartbeat tick 1768
2026-08-30 03:29:29 [INFO] cache miss for key session:1769, fetched from origin
2026-08-30 03:29:30 [INFO] cache hit for key session:1770
2026-08-30 03:29:31 [INFO] metrics flushed: 1771 series
2026-08-30 03:29:32 [INFO] cache miss for key session:1772, fetched from origin
2026-08-30 03:29:33 [INFO] cache hit for key session:1773
2026-08-30 03:29:34 [INFO] metrics flushed: 1774 series
2026-08-30 03:29:35 [INFO] cache miss for key session:1775, fetched from origin
2026-08-30 03:29:36 [INFO] scheduled job heartbeat tick 1776
2026-08-30 03:29:37 [INFO] metrics flushed: 1777 series
2026-08-30 03:29:38 [INFO] scheduled job heartbeat tick 1778
2026-08-30 03:29:39 [INFO] cache hit for key session:1779
2026-08-30 03:29:40 [INFO] cache hit for key session:1780
2026-08-30 03:29:41 [INFO] cache miss for key session:1781, fetched from origin
2026-08-30 03:29:42 [INFO] cache hit for key session:1782
2026-08-30 03:29:43 [INFO] cache miss for key session:1783, fetched from origin
2026-08-30 03:29:44 [INFO] cache miss for key session:1784, fetched from origin
2026-08-30 03:29:45 [INFO] cache miss for key session:1785, fetched from origin
2026-08-30 03:29:46 [INFO] cache miss for key session:1786, fetched from origin
2026-08-30 03:29:47 [INFO] cache miss for key session:1787, fetched from origin
2026-08-30 03:29:48 [INFO] cache hit for key session:1788
2026-08-30 03:29:49 [INFO] metrics flushed: 1789 series
2026-08-30 03:29:50 [INFO] metrics flushed: 1790 series
2026-08-30 03:29:51 [INFO] cache hit for key session:1791
2026-08-30 03:29:52 [INFO] cache miss for key session:1792, fetched from origin
2026-08-30 03:29:53 [INFO] cache hit for key session:1793
2026-08-30 03:29:54 [INFO] scheduled job heartbeat tick 1794
2026-08-30 03:29:55 [INFO] cache miss for key session:1795, fetched from origin
2026-08-30 03:29:56 [INFO] cache miss for key session:1796, fetched from origin
2026-08-30 03:29:57 [INFO] metrics flushed: 1797 series
2026-08-30 03:29:58 [INFO] metrics flushed: 1798 series
2026-08-30 03:29:59 [INFO] cache hit for key session:1799
2026-08-30 03:30:00 [INFO] cache miss for key session:1800, fetched from origin
2026-08-30 03:30:01 [INFO] cache miss for key session:1801, fetched from origin
2026-08-30 03:30:02 [INFO] cache miss for key session:1802, fetched from origin
2026-08-30 03:30:03 [INFO] cache hit for key session:1803
2026-08-30 03:30:04 [INFO] scheduled job heartbeat tick 1804
2026-08-30 03:30:05 [INFO] cache hit for key session:1805
2026-08-30 03:30:06 [INFO] metrics flushed: 1806 series
2026-08-30 03:30:07 [INFO] metrics flushed: 1807 series
2026-08-30 03:30:08 [INFO] cache hit for key session:1808
2026-08-30 03:30:09 [INFO] metrics flushed: 1809 series
2026-08-30 03:30:10 [INFO] cache hit for key session:1810
2026-08-30 03:30:11 [INFO] metrics flushed: 1811 series
2026-08-30 03:30:12 [INFO] metrics flushed: 1812 series
2026-08-30 03:30:13 [INFO] cache miss for key session:1813, fetched from origin
2026-08-30 03:30:14 [INFO] metrics flushed: 1814 series
2026-08-30 03:30:15 [INFO] metrics flushed: 1815 series
2026-08-30 03:30:16 [INFO] scheduled job heartbeat tick 1816
2026-08-30 03:30:17 [INFO] scheduled job heartbeat tick 1817
2026-08-30 03:30:18 [INFO] scheduled job heartbeat tick 1818
2026-08-30 03:30:19 [INFO] cache hit for key session:1819
2026-08-30 03:30:20 [INFO] cache miss for key session:1820, fetched from origin
2026-08-30 03:30:21 [INFO] cache hit for key session:1821
2026-08-30 03:30:22 [INFO] cache hit for key session:1822
2026-08-30 03:30:23 [INFO] scheduled job heartbeat tick 1823
2026-08-30 03:30:24 [INFO] scheduled job heartbeat tick 1824
2026-08-30 03:30:25 [INFO] scheduled job heartbeat tick 1825
2026-08-30 03:30:26 [INFO] metrics flushed: 1826 series
2026-08-30 03:30:27 [INFO] cache hit for key session:1827
2026-08-30 03:30:28 [INFO] metrics flushed: 1828 series
2026-08-30 03:30:29 [INFO] scheduled job heartbeat tick 1829
2026-08-30 03:30:30 [INFO] metrics flushed: 1830 series
2026-08-30 03:30:31 [INFO] scheduled job heartbeat tick 1831
2026-08-30 03:30:32 [INFO] cache miss for key session:1832, fetched from origin
2026-08-30 03:30:33 [INFO] cache hit for key session:1833
2026-08-30 03:30:34 [INFO] metrics flushed: 1834 series
2026-08-30 03:30:35 [INFO] metrics flushed: 1835 series
2026-08-30 03:30:36 [INFO] cache miss for key session:1836, fetched from origin
2026-08-30 03:30:37 [INFO] cache hit for key session:1837
2026-08-30 03:30:38 [INFO] cache hit for key session:1838
2026-08-30 03:30:39 [INFO] cache miss for key session:1839, fetched from origin
2026-08-30 03:30:40 [INFO] metrics flushed: 1840 series
2026-08-30 03:30:41 [INFO] scheduled job heartbeat tick 1841
2026-08-30 03:30:42 [INFO] scheduled job heartbeat tick 1842
2026-08-30 03:30:43 [INFO] cache hit for key session:1843
2026-08-30 03:30:44 [INFO] metrics flushed: 1844 series
2026-08-30 03:30:45 [INFO] cache miss for key session:1845, fetched from origin
2026-08-30 03:30:46 [INFO] metrics flushed: 1846 series
2026-08-30 03:30:47 [INFO] metrics flushed: 1847 series
2026-08-30 03:30:48 [INFO] metrics flushed: 1848 series
2026-08-30 03:30:49 [INFO] metrics flushed: 1849 series
2026-08-30 03:30:50 [INFO] cache miss for key session:1850, fetched from origin
2026-08-30 03:30:51 [INFO] cache miss for key session:1851, fetched from origin
2026-08-30 03:30:52 [INFO] cache hit for key session:1852
2026-08-30 03:30:53 [INFO] metrics flushed: 1853 series
2026-08-30 03:30:54 [INFO] scheduled job heartbeat tick 1854
2026-08-30 03:30:55 [INFO] scheduled job heartbeat tick 1855
2026-08-30 03:30:56 [INFO] metrics flushed: 1856 series
2026-08-30 03:30:57 [INFO] metrics flushed: 1857 series
2026-08-30 03:30:58 [INFO] metrics flushed: 1858 series
2026-08-30 03:30:59 [INFO] scheduled job heartbeat tick 1859
2026-08-30 03:31:00 [INFO] cache miss for key session:1860, fetched from origin
2026-08-30 03:31:01 [INFO] cache hit for key session:1861
2026-08-30 03:31:02 [INFO] scheduled job heartbeat tick 1862
2026-08-30 03:31:03 [INFO] cache hit for key session:1863
2026-08-30 03:31:04 [INFO] cache hit for key session:1864
2026-08-30 03:31:05 [INFO] cache hit for key session:1865
2026-08-30 03:31:06 [INFO] cache miss for key session:1866, fetched from origin
2026-08-30 03:31:07 [INFO] cache hit for key session:1867
2026-08-30 03:31:08 [INFO] cache hit for key session:1868
2026-08-30 03:31:09 [INFO] cache miss for key session:1869, fetched from origin
2026-08-30 03:31:10 [INFO] cache miss for key session:1870, fetched from origin
2026-08-30 03:31:11 [INFO] cache hit for key session:1871
2026-08-30 03:31:12 [INFO] cache hit for key session:1872
2026-08-30 03:31:13 [INFO] scheduled job heartbeat tick 1873
2026-08-30 03:31:14 [INFO] cache hit for key session:1874
2026-08-30 03:31:15 [INFO] metrics flushed: 1875 series
2026-08-30 03:31:16 [INFO] cache miss for key session:1876, fetched from origin
2026-08-30 03:31:17 [INFO] scheduled job heartbeat tick 1877
2026-08-30 03:31:18 [INFO] cache miss for key session:1878, fetched from origin
2026-08-30 03:31:19 [INFO] cache hit for key session:1879
2026-08-30 03:31:20 [INFO] cache miss for key session:1880, fetched from origin
2026-08-30 03:31:21 [INFO] cache hit for key session:1881
2026-08-30 03:31:22 [INFO] cache miss for key session:1882, fetched from origin
2026-08-30 03:31:23 [INFO] cache miss for key session:1883, fetched from origin
2026-08-30 03:31:24 [INFO] scheduled job heartbeat tick 1884
2026-08-30 03:31:25 [INFO] metrics flushed: 1885 series
2026-08-30 03:31:26 [INFO] metrics flushed: 1886 series
2026-08-30 03:31:27 [INFO] cache hit for key session:1887
2026-08-30 03:31:28 [INFO] scheduled job heartbeat tick 1888
2026-08-30 03:31:29 [INFO] scheduled job heartbeat tick 1889
2026-08-30 03:31:30 [INFO] metrics flushed: 1890 series
2026-08-30 03:31:31 [INFO] scheduled job heartbeat tick 1891
2026-08-30 03:31:32 [INFO] scheduled job heartbeat tick 1892
2026-08-30 03:31:33 [INFO] cache miss for key session:1893, fetched from origin
2026-08-30 03:31:34 [INFO] metrics flushed: 1894 series
2026-08-30 03:31:35 [INFO] scheduled job heartbeat tick 1895
2026-08-30 03:31:36 [INFO] scheduled job heartbeat tick 1896
2026-08-30 03:31:37 [INFO] cache miss for key session:1897, fetched from origin
2026-08-30 03:31:38 [INFO] metrics flushed: 1898 series
2026-08-30 03:31:39 [INFO] metrics flushed: 1899 series
2026-08-30 03:31:40 [INFO] metrics flushed: 1900 series
2026-08-30 03:31:41 [INFO] cache hit for key session:1901
2026-08-30 03:31:42 [INFO] cache hit for key session:1902
2026-08-30 03:31:43 [INFO] scheduled job heartbeat tick 1903
2026-08-30 03:31:44 [INFO] scheduled job heartbeat tick 1904
2026-08-30 03:31:45 [INFO] cache hit for key session:1905
2026-08-30 03:31:46 [INFO] cache miss for key session:1906, fetched from origin
2026-08-30 03:31:47 [INFO] cache miss for key session:1907, fetched from origin
2026-08-30 03:31:48 [INFO] metrics flushed: 1908 series
2026-08-30 03:31:49 [INFO] scheduled job heartbeat tick 1909
2026-08-30 03:31:50 [INFO] cache hit for key session:1910
2026-08-30 03:31:51 [INFO] cache miss for key session:1911, fetched from origin
2026-08-30 03:31:52 [INFO] metrics flushed: 1912 series
2026-08-30 03:31:53 [INFO] scheduled job heartbeat tick 1913
2026-08-30 03:31:54 [INFO] metrics flushed: 1914 series
2026-08-30 03:31:55 [INFO] cache miss for key session:1915, fetched from origin
2026-08-30 03:31:56 [INFO] scheduled job heartbeat tick 1916
2026-08-30 03:31:57 [INFO] scheduled job heartbeat tick 1917
2026-08-30 03:31:58 [INFO] scheduled job heartbeat tick 1918
2026-08-30 03:31:59 [INFO] cache hit for key session:1919
2026-08-30 03:32:00 [INFO] cache hit for key session:1920
2026-08-30 03:32:01 [INFO] metrics flushed: 1921 series
2026-08-30 03:32:02 [INFO] metrics flushed: 1922 series
2026-08-30 03:32:03 [INFO] cache miss for key session:1923, fetched from origin
2026-08-30 03:32:04 [INFO] metrics flushed: 1924 series
2026-08-30 03:32:05 [INFO] metrics flushed: 1925 series
2026-08-30 03:32:06 [INFO] cache hit for key session:1926
2026-08-30 03:32:07 [INFO] scheduled job heartbeat tick 1927
2026-08-30 03:32:08 [INFO] scheduled job heartbeat tick 1928
2026-08-30 03:32:09 [INFO] cache miss for key session:1929, fetched from origin
2026-08-30 03:32:10 [INFO] metrics flushed: 1930 series
2026-08-30 03:32:11 [INFO] cache hit for key session:1931
2026-08-30 03:32:12 [INFO] scheduled job heartbeat tick 1932
2026-08-30 03:32:13 [INFO] scheduled job heartbeat tick 1933
2026-08-30 03:32:14 [INFO] metrics flushed: 1934 series
2026-08-30 03:32:15 [INFO] scheduled job heartbeat tick 1935
2026-08-30 03:32:16 [INFO] scheduled job heartbeat tick 1936
2026-08-30 03:32:17 [INFO] cache miss for key session:1937, fetched from origin
2026-08-30 03:32:18 [INFO] scheduled job heartbeat tick 1938
2026-08-30 03:32:19 [INFO] cache miss for key session:1939, fetched from origin
2026-08-30 03:32:20 [INFO] metrics flushed: 1940 series
2026-08-30 03:32:21 [INFO] scheduled job heartbeat tick 1941
2026-08-30 03:32:22 [INFO] metrics flushed: 1942 series
2026-08-30 03:32:23 [INFO] metrics flushed: 1943 series
2026-08-30 03:32:24 [INFO] metrics flushed: 1944 series
2026-08-30 03:32:25 [INFO] scheduled job heartbeat tick 1945
2026-08-30 03:32:26 [INFO] scheduled job heartbeat tick 1946
2026-08-30 03:32:27 [INFO] cache miss for key session:1947, fetched from origin
2026-08-30 03:32:28 [INFO] cache hit for key session:1948
2026-08-30 03:32:29 [INFO] cache miss for key session:1949, fetched from origin
2026-08-30 03:32:30 [INFO] scheduled job heartbeat tick 1950
2026-08-30 03:32:31 [INFO] metrics flushed: 1951 series
2026-08-30 03:32:32 [INFO] cache hit for key session:1952
2026-08-30 03:32:33 [INFO] cache miss for key session:1953, fetched from origin
2026-08-30 03:32:34 [INFO] cache miss for key session:1954, fetched from origin
2026-08-30 03:32:35 [INFO] scheduled job heartbeat tick 1955
2026-08-30 03:32:36 [INFO] cache hit for key session:1956
2026-08-30 03:32:37 [INFO] metrics flushed: 1957 series
2026-08-30 03:32:38 [INFO] scheduled job heartbeat tick 1958
2026-08-30 03:32:39 [INFO] cache hit for key session:1959
2026-08-30 03:32:40 [INFO] cache miss for key session:1960, fetched from origin
2026-08-30 03:32:41 [INFO] metrics flushed: 1961 series
2026-08-30 03:32:42 [INFO] cache hit for key session:1962
2026-08-30 03:32:43 [INFO] cache miss for key session:1963, fetched from origin
2026-08-30 03:32:44 [INFO] scheduled job heartbeat tick 1964
2026-08-30 03:32:45 [INFO] cache hit for key session:1965
2026-08-30 03:32:46 [INFO] scheduled job heartbeat tick 1966
2026-08-30 03:32:47 [INFO] cache miss for key session:1967, fetched from origin
2026-08-30 03:32:48 [INFO] cache miss for key session:1968, fetched from origin
2026-08-30 03:32:49 [INFO] metrics flushed: 1969 series
2026-08-30 03:32:50 [INFO] scheduled job heartbeat tick 1970
2026-08-30 03:32:51 [INFO] scheduled job heartbeat tick 1971
2026-08-30 03:32:52 [INFO] scheduled job heartbeat tick 1972
2026-08-30 03:32:53 [INFO] metrics flushed: 1973 series
2026-08-30 03:32:54 [INFO] scheduled job heartbeat tick 1974
2026-08-30 03:32:55 [INFO] scheduled job heartbeat tick 1975
2026-08-30 03:32:56 [INFO] cache hit for key session:1976
2026-08-30 03:32:57 [INFO] metrics flushed: 1977 series
2026-08-30 03:32:58 [INFO] cache miss for key session:1978, fetched from origin
2026-08-30 03:32:59 [INFO] cache miss for key session:1979, fetched from origin
2026-08-30 03:33:00 [INFO] metrics flushed: 1980 series
2026-08-30 03:33:01 [INFO] metrics flushed: 1981 series
2026-08-30 03:33:02 [INFO] cache miss for key session:1982, fetched from origin
2026-08-30 03:33:03 [INFO] cache hit for key session:1983
2026-08-30 03:33:04 [INFO] scheduled job heartbeat tick 1984
2026-08-30 03:33:05 [INFO] cache miss for key session:1985, fetched from origin
2026-08-30 03:33:06 [INFO] cache hit for key session:1986
2026-08-30 03:33:07 [INFO] cache hit for key session:1987
2026-08-30 03:33:08 [INFO] cache hit for key session:1988
2026-08-30 03:33:09 [INFO] cache hit for key session:1989
2026-08-30 03:33:10 [INFO] metrics flushed: 1990 series
2026-08-30 03:33:11 [INFO] cache hit for key session:1991
2026-08-30 03:33:12 [INFO] cache hit for key session:1992
2026-08-30 03:33:13 [INFO] scheduled job heartbeat tick 1993
2026-08-30 03:33:14 [INFO] scheduled job heartbeat tick 1994
2026-08-30 03:33:15 [INFO] cache hit for key session:1995
2026-08-30 03:33:16 [INFO] metrics flushed: 1996 series
2026-08-30 03:33:17 [INFO] metrics flushed: 1997 series
2026-08-30 03:33:18 [INFO] cache hit for key session:1998
2026-08-30 03:33:19 [INFO] cache hit for key session:1999
2026-08-30 03:33:20 [FATAL] out of memory: cannot allocate 512MB, killing process
